Detailed Car Title,Seller Location,Phone Number,E-car Producer,First Registration,Charge Rate,Price ($),Current Mileage,Max Speed (km/h),Battery (kWh),Engine Capacity (p.h.),Car URL
Vintage Classic car Specification,"Wucheng County, Dezhou City, Shandong Province",Phone: +86 196 0214 3437,other,2025,80-100km,4 600,,35km/h,5,,https://motorwatt.com/ev-marketplace/electric-cars/ev/china/vintage-classic-car
JMEV GSE Specification,,Phone: ‪(213) 222-6362‬,other,2026,450,23 000,10,140,63,150,https://motorwatt.com/ev-marketplace/electric-cars/ev/china/jmev-gse
Yuanhang H9 Specification,"9461 Charleville Blvd PMB 27931 Beverly Hills, CA 90212",Phone: ‪(213) 222-6362‬,other,2024,10,72 000,950,210,150,697,https://motorwatt.com/ev-marketplace/electric-cars/ev/china/yuanhang-h9
Yuanhang Y6 Specification,"9461 Charleville Blvd PMB 27931 Beverly Hills, CA 90212",Phone: ‪(213) 222-6362‬,other,2024,1020,38 000,10,205,150,707,https://motorwatt.com/ev-marketplace/electric-cars/ev/china/yuanhang-y6
DAYUN Yuanhang H8 Specification,"9461 Charleville Blvd PMB 27931 Beverly Hills, CA 90212",Phone: ‪(213) 222-6362‬,other,2024,650,40 500,10,210,98,671,https://motorwatt.com/ev-marketplace/electric-cars/ev/china/dayun-yuanhang-h8
Xiaomi SU7 MAX Specification,Horgos,Phone: ‪(213) 222-6362‬,other,2024,800,43 000,10,265,101,664,https://motorwatt.com/ev-marketplace/electric-cars/ev/china/xiaomi-su7-max
NWONE Specification,8 23 St - Za'abeel - Za'abeel 2 - Dubai - United Arab Emirates,Phone: 00971545085646,other,2023,860,28 500,100,240,33,1500,https://motorwatt.com/ev-marketplace/electric-cars/ev/russia/voyah-free-674
Zeekr 001 AT 2023 Specification,"Ulitsa Zatsepa, 21, Moscow",Phone: +7(495) 128 06 00,ZEEKR,2023,650,74 000,45 km,200,100,544,https://motorwatt.com/ev-marketplace/electric-cars/ev/russia/zeekr-001-at-2023
Lixiang L7 Specification,"г. Москва, ул. Зацепа 21",Phone: +7(495) 128 06 00,other,2022,1315,99 736,,180,42.8,450,https://motorwatt.com/ev-marketplace/electric-cars/ev/russia/lixiang-l7
MiniCooper SE Specification,"г. Москва, ул. Зацепа 21",Phone: +7(495) 128 06 00,MINI,2022,215,,,150,32,184,https://motorwatt.com/ev-marketplace/electric-cars/ev/russia/minicooper-se
AVATR-ll Middle Specification,"г. Москва, ул. Зацепа 21",Phone: +7(495) 128 06 00,CHANGAN Auto,2022,680,84 238,,200,116,578,https://motorwatt.com/ev-marketplace/electric-cars/ev/russia/avatr-ll-middle
ORA BALLET CAT Specification,"г. Москва, ул. Зацепа 21",Phone: +7(495) 128 06 00,GWM ORA UK,2022,500,58 985,,155,60.5,171,https://motorwatt.com/ev-marketplace/electric-cars/ev/russia/ora-ballet-cat
Honda e:NP1 TOP Specification,"г. Москва, ул. Зацепа 21",Phone: +7(495) 128 06 00,HONDA,2022,510,57 212,,150,69,204,https://motorwatt.com/ev-marketplace/electric-cars/ev/russia/honda-e-np1-top
BYD TANG EV Specification,"г. Москва, ул. Зацепа 21",Phone: +7(495) 128 06 00,BYD Auto,2022,730,92 270,,180,108.8,228,https://motorwatt.com/ev-marketplace/electric-cars/ev/russia/byd-tang-ev-633
VOLKSWAGEN ID4 X PRO Specification,"г. Москва, ул. Зацепа 21",Phone: +7(495) 128 06 00,VOLKSWAGEN,2022,555,54 351,,160,83.4,204,https://motorwatt.com/ev-marketplace/electric-cars/ev/russia/volkswagen-id4-x-pro
BMW I7 XDRIVE60 LIMOUSINE Specification,"г. Москва, ул. Зацепа 21",Phone: +7(495) 128 06 00,BMW,2022,483,225 988,,240,101.7,544,https://motorwatt.com/ev-marketplace/electric-cars/ev/russia/bmw-i7-xdrive60-limousine-630
ZEEKR 001 Specification,"г. Москва, ул. Зацепа 21",Phone: +7(495) 128 06 00,ZEEKR,2022,712,104 787,,200,100,544,https://motorwatt.com/ev-marketplace/electric-cars/ev/russia/zeekr-001-629
VOYAH FREE Specification,"г. Москва, ул. Зацепа 21",Phone: +7(495) 128 06 00,Voyah,2022,860,97 609,,200,33,694,https://motorwatt.com/ev-marketplace/electric-cars/ev/russia/voyah-free-628
BYD HAN EV 2022 4WD TOP Specification,"г. Москва, ул. Зацепа 21",Phone: +7(495) 128 06 00,BYD Auto,2022,610,93 303,,185,85.4,516,https://motorwatt.com/ev-marketplace/electric-cars/ev/russia/byd-han-ev-2022-4wd-top
BYD tang EV Specification,"г. Москва, ул. Зацепа 21",Phone: +7(495) 128 06 00,BYD Auto,2022,635,88 997,,180,108.8,510,https://motorwatt.com/ev-marketplace/electric-cars/ev/russia/byd-tang-ev-626
Audi 50 e-tron Q5 Specification,"г. Москва, ул. Зацепа 21",Phone: +7(495) 128 06 00,AUDI,2022,520,129 046,,190,83.4,301,https://motorwatt.com/ev-marketplace/electric-cars/ev/russia/audi-50-e-tron-q5
Volkswagen id 4 X Pure + Specification,"г. Москва, ул. Зацепа 21",Phone: +7(495) 128 06 00,VOLKSWAGEN,2022,550,54 546,,160,83.4,168,https://motorwatt.com/ev-marketplace/electric-cars/ev/russia/volkswagen-id-4-x-pure-624
TESLA MODEL 3 LONG RANGE (EU) Specification,"г. Москва, ул. Зацепа 21",Phone: +7(495) 128 06 00,TESLA,2022,602,77 370,,233,80,367,https://motorwatt.com/ev-marketplace/electric-cars/ev/russia/tesla-model-3-long-range-eu
Tesla Model 3 Performa Specification,"г. Москва, ул. Зацепа 21",Phone: +7(495) 128 06 00,TESLA,2022,547,88 279,,261,82,510,https://motorwatt.com/ev-marketplace/electric-cars/ev/russia/tesla-model-3-performa
TESLA MODEL Y PERFOMANCE Specification,"г. Москва, ул. Зацепа 21",Phone: +7(495) 128 06 00,TESLA,2022,514,99 045,,250,85,571,https://motorwatt.com/ev-marketplace/electric-cars/ev/russia/tesla-model-y-perfomance
TESLA MODEL Y PERFORMANCE Specification,"г. Москва, ул. Зацепа 21",Phone: +7(495) 128 06 00,TESLA,2022,514,99 045,,250,82,571,https://motorwatt.com/ev-marketplace/electric-cars/ev/russia/tesla-model-y-performance
VOYAH FREE Specification,"г. Москва, ул. Зацепа 21",Phone: +7(495) 128 06 00,Voyah,2021,860,90 278,,,33,696,https://motorwatt.com/ev-marketplace/electric-cars/ev/russia/voyah-free-619
BMW i7 xDrive60 Limousine Specification,"г. Москва, ул. Зацепа 21",Phone: +7(495) 128 06 00,BMW,2022,625,237 541,,240,105,544,https://motorwatt.com/ev-marketplace/electric-cars/ev/russia/bmw-i7-xdrive60-limousine-618
MERCEDES-BENZ EQS 53 AMG 4MATIC Specification,"г. Москва, ул. Зацепа 21",Phone: +7(495) 128 06 00,MERCEDES,2022,526,239 763,,220,107.8,658,https://motorwatt.com/ev-marketplace/electric-cars/ev/russia/mercedes-benz-eqs-53-amg-4matic
TESLA MODEL S PLAID Specification,"г. Москва, ул. Зацепа 21",Phone: +7(495) 128 06 00,TESLA,2022,528,186 637,,322,100,1034,https://motorwatt.com/ev-marketplace/electric-cars/ev/russia/tesla-model-s-plaid
XPENG G3 520i PREMIUM EDITION Specification,"г. Москва, ул. Зацепа 21",Phone: +7(495) 128 06 00,XPENG,2020,860,45 932,520,170,66.5,197,https://motorwatt.com/ev-marketplace/electric-cars/ev/russia/xpeng-g3-520i-premium-edition
POLESTAR 2 LAUNCH EDITION Specification,"г. Москва, ул. Зацепа 21",Phone: +7(495) 128 06 00,POLESTAR,2020,500,74 874,506,204,78,408,https://motorwatt.com/ev-marketplace/electric-cars/ev/russia/polestar-2-launch-edition-614
ZEEKR 001 YOU EDITION Specification,"г. Москва, ул. Зацепа 21",Phone: +7(495) 128 06 00,ZEEKR,2022,650,107 991,,200,100,544,https://motorwatt.com/ev-marketplace/electric-cars/ev/russia/zeekr-001-you-edition
ZEEKR 001 WE EDITION DUAL MOTOR Specification,"г. Москва, ул. Зацепа 21",Phone: +7(495) 128 06 00,ZEEKR,2022,526,91 224,4900,200,86,544,https://motorwatt.com/ev-marketplace/electric-cars/ev/russia/zeekr-001-we-edition-dual-motor
BYD Dolphin Specification,"Chengdu city, Sichuan",Phone: +86 182 8047 4651,BYD Auto,2022,400,18 500,30,160,45,177,https://motorwatt.com/ev-marketplace/electric-cars/ev/china/byd-dolphin
BYD SEAL Specification,"Chengdu city, Sichuan",Phone: +86 182 8047 4651,BYD Auto,2022,650,31 900,10,180,82.5,530,https://motorwatt.com/ev-marketplace/electric-cars/ev/china/byd-seal
TESLA MODEL Y PERFOMANCE Specification,"г. Москва, ул. Зацепа 21",Phone: +7(495) 128 06 00,TESLA,2022,514,99 045,,250,85,571,https://motorwatt.com/ev-marketplace/electric-cars/ev/russia/tesla-model-y-perfomance
TESLA MODEL Y PERFORMANCE Specification,"г. Москва, ул. Зацепа 21",Phone: +7(495) 128 06 00,TESLA,2022,514,99 045,,250,82,571,https://motorwatt.com/ev-marketplace/electric-cars/ev/russia/tesla-model-y-performance
VOYAH FREE Specification,"г. Москва, ул. Зацепа 21",Phone: +7(495) 128 06 00,Voyah,2021,860,90 278,,,33,696,https://motorwatt.com/ev-marketplace/electric-cars/ev/russia/voyah-free-619
BMW i7 xDrive60 Limousine Specification,"г. Москва, ул. Зацепа 21",Phone: +7(495) 128 06 00,BMW,2022,625,237 541,,240,105,544,https://motorwatt.com/ev-marketplace/electric-cars/ev/russia/bmw-i7-xdrive60-limousine-618
MERCEDES-BENZ EQS 53 AMG 4MATIC Specification,"г. Москва, ул. Зацепа 21",Phone: +7(495) 128 06 00,MERCEDES,2022,526,239 763,,220,107.8,658,https://motorwatt.com/ev-marketplace/electric-cars/ev/russia/mercedes-benz-eqs-53-amg-4matic
TESLA MODEL S PLAID Specification,"г. Москва, ул. Зацепа 21",Phone: +7(495) 128 06 00,TESLA,2022,528,186 637,,322,100,1034,https://motorwatt.com/ev-marketplace/electric-cars/ev/russia/tesla-model-s-plaid
XPENG G3 520i PREMIUM EDITION Specification,"г. Москва, ул. Зацепа 21",Phone: +7(495) 128 06 00,XPENG,2020,860,45 932,520,170,66.5,197,https://motorwatt.com/ev-marketplace/electric-cars/ev/russia/xpeng-g3-520i-premium-edition
POLESTAR 2 LAUNCH EDITION Specification,"г. Москва, ул. Зацепа 21",Phone: +7(495) 128 06 00,POLESTAR,2020,500,74 874,506,204,78,408,https://motorwatt.com/ev-marketplace/electric-cars/ev/russia/polestar-2-launch-edition-614
ZEEKR 001 YOU EDITION Specification,"г. Москва, ул. Зацепа 21",Phone: +7(495) 128 06 00,ZEEKR,2022,650,107 991,,200,100,544,https://motorwatt.com/ev-marketplace/electric-cars/ev/russia/zeekr-001-you-edition
ZEEKR 001 WE EDITION DUAL MOTOR Specification,"г. Москва, ул. Зацепа 21",Phone: +7(495) 128 06 00,ZEEKR,2022,526,91 224,4900,200,86,544,https://motorwatt.com/ev-marketplace/electric-cars/ev/russia/zeekr-001-we-edition-dual-motor
BYD Dolphin Specification,"Chengdu city, Sichuan",Phone: +86 182 8047 4651,BYD Auto,2022,400,18 500,30,160,45,177,https://motorwatt.com/ev-marketplace/electric-cars/ev/china/byd-dolphin
BYD SEAL Specification,"Chengdu city, Sichuan",Phone: +86 182 8047 4651,BYD Auto,2022,650,31 900,10,180,82.5,530,https://motorwatt.com/ev-marketplace/electric-cars/ev/china/byd-seal
BYD E2 Specification,"Chengdu city, Sichuan",Phone: +86 182 8047 4651,BYD Auto,2022,401,18 200,20,130,"43,2",95,https://motorwatt.com/ev-marketplace/electric-cars/ev/china/byd-e2
wuling mini ev Specification,"Chengdu city, Sichuan",Phone: +86 182 8047 4651,other,2022,300,5 500,10,100,26.5,41,https://motorwatt.com/ev-marketplace/electric-cars/ev/china/wuling-mini-ev
GAC AION S Plus Specification,"Chengdu city, Sichuan",Phone: +86 182 8047 4651,GAC Motor,2022,510,22 550,60,160,"50,6",224,https://motorwatt.com/ev-marketplace/electric-cars/ev/china/gac-aion-s-plus
VW ID 6CROZZ PRO Specification,"Chengdu city, Sichuan",Phone: +86 182 8047 4651,VOLKSWAGEN,2022,516,39 650,30,160,84.8,180,https://motorwatt.com/ev-marketplace/electric-cars/ev/china/vw-id-6crozz-pro
VW ID 6CROZZ lit PRO Specification,"Chengdu city, Sichuan",Phone: +86 182 8047 4651,VOLKSWAGEN,2022,600,35 600,40,160,84.8,204,https://motorwatt.com/ev-marketplace/electric-cars/ev/china/vw-id-6crozz-lit-pro
VW ID 6CROZZ PURE+ Specification,"Chengdu, Sichuan",Phone: +86 182 8047 4651,VOLKSWAGEN,2022,540,35 350,50,160,84.8,204,https://motorwatt.com/ev-marketplace/electric-cars/ev/china/vw-id-6crozz-pure
VW ID 4CROZZ PRO Specification,,Phone: +86 182 8047 4651,VOLKSWAGEN,2022,550,32 880,100,160,"84,8",204,https://motorwatt.com/ev-marketplace/electric-cars/ev/china/id-4crozz-pro
VW ID4 X Specification,,Phone: +86 182 8047 4651,VOLKSWAGEN,2022,520,26 300,20,160,"83,4",313,https://motorwatt.com/ev-marketplace/electric-cars/ev/china/vw-id4-x
VW ID6 X Specification,,Phone: +86 182 8047 4651,VOLKSWAGEN,2022,510,35 076,20,160,"83,4",313,https://motorwatt.com/ev-marketplace/electric-cars/ev/china/vw-id6-x
DONGFENG ENS 1 Specification,Yerevan,Phone: 89996265453,DONGFENG,2022,222,25 500,54200,150,68,201,https://motorwatt.com/ev-marketplace/electric-cars/ev/armenia/dongfeng-ens-1
VOLKSWAGEN ID6 Specification,"Zhantao Technology Building C, Niulanqian, Minzhi Road, Shenzhen, Guangdong, China",,VOLKSWAGEN,2022,600,45 000,,160,84.8,302,https://motorwatt.com/ev-marketplace/electric-cars/ev/china/id6
Maple Leaf 80V Specification,"0162, Tbilisi, Georgia Chavchavadze ave 83a, 12",,GEELY,2022,415,23 500,--,130,--,134,https://motorwatt.com/ev-marketplace/electric-cars/ev/georgia/maple-leaf-80v
Maple Leaf 60S Specification,"0162, Tbilisi, Georgia Chavchavadze ave 83a, 12",,GEELY,2022,407,23 500,--,130,51.8,136,https://motorwatt.com/ev-marketplace/electric-cars/ev/georgia/maple-leaf-60s
Weltmeister EX5 Specification,"0162, Tbilisi, Georgia Chavchavadze ave 83a, 12",,WELTMEISTER,2022,403,28 000,648,160,52.5,218,https://motorwatt.com/ev-marketplace/electric-cars/ev/georgia/weltmeister-ex5
NETA U PRO Specification,"0162, Tbilisi, Georgia Chavchavadze ave 83a, 12",,Hozon Auto,2022,500,32 800,804,155,68,231,https://motorwatt.com/ev-marketplace/electric-cars/ev/georgia/neta-u-pro
Volkswagen ID4 X PURE Specification,"0162, Tbilisi, Georgia Chavchavadze ave 83a, 12",,VOLKSWAGEN,2022,285,33 500,976,160,52.0,180,https://motorwatt.com/ev-marketplace/electric-cars/ev/georgia/volkswagen-id4-x-pure-582
Bestune NAT Specification,"0162, Tbilisi, Georgia Chavchavadze ave 83a, 12",,other,2022,419,22 300,673,130,55,136,https://motorwatt.com/ev-marketplace/electric-cars/ev/georgia/bestune-nat
BYD YUAN PRO Specification,"0162, Tbilisi, Georgia Chavchavadze ave 83a, 12",,BYD Auto,2022,510,23 200,646,175,60.48,204,https://motorwatt.com/ev-marketplace/electric-cars/ev/georgia/byd-yuan-pro-580
BYD Tang EV 2022 Specification,"0162, Tbilisi, Georgia Chavchavadze ave 83a, 12",,BYD Auto,2022,635,59 000,860,180,108,517,https://motorwatt.com/ev-marketplace/electric-cars/ev/georgia/byd-tang-ev-2022
BYD Han 4WD Specification,"0162, Tbilisi, Georgia Chavchavadze ave 83a, 12",,BYD Auto,2022,550,52 000,981,180,76.9,494,https://motorwatt.com/ev-marketplace/electric-cars/ev/georgia/byd-han-4wd-578
BMW IX3 Specification,"0162, Tbilisi, Georgia Chavchavadze ave 83a, 12",,BMW,2022,520,62 000,535,180,74,282,https://motorwatt.com/ev-marketplace/electric-cars/ev/georgia/bmw-ix3-577
VOLKSWAGEN ID 4 CROZZ Specification,"Zhantao Technology Building C, Niulanqian, Minzhi Road, Shenzhen, Guangdong, China",,VOLKSWAGEN,2022,460,,,160,75,170,https://motorwatt.com/ev-marketplace/electric-cars/ev/china/volkswagen-id-4-crozz
Dongfeng Fengshen E70 2023 Pro Z Specification,"Zhantao Technology Building C, Niulanqian, Minzhi Road, Shenzhen, Guangdong, China",,DONGFENG,2022,410,,,150,61.3,--,https://motorwatt.com/ev-marketplace/electric-cars/ev/china/dongfeng-fengshen-e70-2023-pro-z
ZEEKR 001 Specification,"Zhantao Technology Building C, Niulanqian, Minzhi Road, Shenzhen, Guangdong, China",,ZEEKR,2022,650,51 402,,210,108,536,https://motorwatt.com/ev-marketplace/electric-cars/ev/china/zeekr-001-568
Maple Leaf 60S Specification,"0162, Tbilisi, Georgia Chavchavadze ave 83a, 12",,GEELY,2022,407,23 500,--,130,51.8,136,https://motorwatt.com/ev-marketplace/electric-cars/ev/georgia/maple-leaf-60s
Weltmeister EX5 Specification,"0162, Tbilisi, Georgia Chavchavadze ave 83a, 12",,WELTMEISTER,2022,403,28 000,648,160,52.5,218,https://motorwatt.com/ev-marketplace/electric-cars/ev/georgia/weltmeister-ex5
NETA U PRO Specification,"0162, Tbilisi, Georgia Chavchavadze ave 83a, 12",,Hozon Auto,2022,500,32 800,804,155,68,231,https://motorwatt.com/ev-marketplace/electric-cars/ev/georgia/neta-u-pro
Volkswagen ID4 X PURE Specification,"0162, Tbilisi, Georgia Chavchavadze ave 83a, 12",,VOLKSWAGEN,2022,285,33 500,976,160,52.0,180,https://motorwatt.com/ev-marketplace/electric-cars/ev/georgia/volkswagen-id4-x-pure-582
Bestune NAT Specification,"0162, Tbilisi, Georgia Chavchavadze ave 83a, 12",,other,2022,419,22 300,673,130,55,136,https://motorwatt.com/ev-marketplace/electric-cars/ev/georgia/bestune-nat
BYD YUAN PRO Specification,"0162, Tbilisi, Georgia Chavchavadze ave 83a, 12",,BYD Auto,2022,510,23 200,646,175,60.48,204,https://motorwatt.com/ev-marketplace/electric-cars/ev/georgia/byd-yuan-pro-580
BYD Tang EV 2022 Specification,"0162, Tbilisi, Georgia Chavchavadze ave 83a, 12",,BYD Auto,2022,635,59 000,860,180,108,517,https://motorwatt.com/ev-marketplace/electric-cars/ev/georgia/byd-tang-ev-2022
BYD Han 4WD Specification,"0162, Tbilisi, Georgia Chavchavadze ave 83a, 12",,BYD Auto,2022,550,52 000,981,180,76.9,494,https://motorwatt.com/ev-marketplace/electric-cars/ev/georgia/byd-han-4wd-578
BMW IX3 Specification,"0162, Tbilisi, Georgia Chavchavadze ave 83a, 12",,BMW,2022,520,62 000,535,180,74,282,https://motorwatt.com/ev-marketplace/electric-cars/ev/georgia/bmw-ix3-577
VOLKSWAGEN ID 4 CROZZ Specification,"Zhantao Technology Building C, Niulanqian, Minzhi Road, Shenzhen, Guangdong, China",,VOLKSWAGEN,2022,460,,,160,75,170,https://motorwatt.com/ev-marketplace/electric-cars/ev/china/volkswagen-id-4-crozz
Dongfeng Fengshen E70 2023 Pro Z Specification,"Zhantao Technology Building C, Niulanqian, Minzhi Road, Shenzhen, Guangdong, China",,DONGFENG,2022,410,,,150,61.3,--,https://motorwatt.com/ev-marketplace/electric-cars/ev/china/dongfeng-fengshen-e70-2023-pro-z
ZEEKR 001 Specification,"Zhantao Technology Building C, Niulanqian, Minzhi Road, Shenzhen, Guangdong, China",,ZEEKR,2022,650,51 402,,210,108,536,https://motorwatt.com/ev-marketplace/electric-cars/ev/china/zeekr-001-568
Tesla-China Model 3 Specification,"Zhantao Technology Building C, Niulanqian, Minzhi Road, Shenzhen, Guangdong, China",,TESLA,2021,560,,6243,233,75,341,https://motorwatt.com/ev-marketplace/electric-cars/ev/china/tesla-china-model-3
XPENG G3 Specification,"Zhantao Technology Building C, Niulanqian, Minzhi Road, Shenzhen, Guangdong, China",,XPENG,2019,400,,67835,170,66,197,https://motorwatt.com/ev-marketplace/electric-cars/ev/china/xpeng-g3
Skyworth EV6 Specification,"Zhantao Technology Building C, Niulanqian, Minzhi Road, Shenzhen, Guangdong, China",,other,2021,410,,,150,55,275,https://motorwatt.com/ev-marketplace/electric-cars/ev/china/skyworth-ev6
Hongqi E-QM5 Specification,"Zhantao Technology Building C, Niulanqian, Minzhi Road, Shenzhen, Guangdong, China",,HongQi,2022,431,,,160,54,136,https://motorwatt.com/ev-marketplace/electric-cars/ev/china/hongqi-e-qm5-564
Geometry C Specification,"Zhantao Technology Building C, Niulanqian, Minzhi Road, Shenzhen, Guangdong, China",,other,2020,550,,16207,150,70,--,https://motorwatt.com/ev-marketplace/electric-cars/ev/china/geometry-c
XPENG P7 Specification,"Zhantao Technology Building C, Niulanqian, Minzhi Road, Shenzhen, Guangdong, China",,XPENG,2020,670,,670,170,83.1,263,https://motorwatt.com/ev-marketplace/electric-cars/ev/china/xpeng-p7-562
Hongqi E-HS9 Specification,"Zhantao Technology Building C, Niulanqian, Minzhi Road, Shenzhen, Guangdong, China",,HongQi,2021,510,,12000,200,80,436,https://motorwatt.com/ev-marketplace/electric-cars/ev/china/hongqi-e-hs9-561
BYD Han Specification,#motorwatt #entertainmentV #electricvehicles #evdatabase # BYD #Han,,BYD Auto,2020,550,,494,180,76.9,494,https://motorwatt.com/ev-marketplace/electric-cars/ev/china/byd-han-560
Ora Hao Mao Specification,"Zhantao Technology Building C, Niulanqian, Minzhi Road, Shenzhen, Guangdong, China",,other,2021,400,,10,150,45.99,143,https://motorwatt.com/ev-marketplace/electric-cars/ev/china/ora-hao-mao
Buick Light Blue 6 Specification,"Zhantao Technology Building C, Niulanqian, Minzhi Road, Shenzhen, Guangdong, China",,BUICK,2020,410,,30000,150,52.5,--,https://motorwatt.com/ev-marketplace/electric-cars/ev/china/buick-light-blue-6
Tesla Model Y Specification,"J3CV+2Q Scottsdale, Arizona, USA",,TESLA,2022,660,98 000,590,260,78.4,468,https://motorwatt.com/ev-marketplace/electric-cars/ev/usa/tesla-model-y-527
Tesla Model Y Specification,"J3CV+2Q Scottsdale, Arizona, USA",,TESLA,2021,660,64 500,28264,260,78.4,468,https://motorwatt.com/ev-marketplace/electric-cars/ev/usa/tesla-model-y-526
Lucid Air Dream Edition Specification,"J3CV+2Q Scottsdale, Arizona, USA",,Lucid Motors,2022,695,218 000,,270,118,932,https://motorwatt.com/ev-marketplace/electric-cars/ev/usa/lucid-air-dream-edition
VOLKSWAGEN ID6 CROZZ Specification,"Longhua District, Shenzhen",,VOLKSWAGEN,2022,600,,,160,84.8,302,https://motorwatt.com/ev-marketplace/electric-cars/ev/china/volkswagen-id6-crozz-524
VOLKSWAGEN ID3 Specification,"Longhua District, Shenzhen",,VOLKSWAGEN,2022,553,,,160,77,201,https://motorwatt.com/ev-marketplace/electric-cars/ev/china/volkswagen-id3-523
BYD Tang EV Specification,"Longhua District, Shenzhen",,BYD Auto,2022,565,,,180,82.8,202,https://motorwatt.com/ev-marketplace/electric-cars/ev/china/byd-tang-ev-522
BYD Han EV Specification,"Longhua District, Shenzhen",,BYD Auto,2022,605,,,190,77,218,https://motorwatt.com/ev-marketplace/electric-cars/ev/china/byd-han-ev
BYD QIN EV 405 Specification,"Longhua District, Shenzhen",,BYD Auto,2022,400,,,150,47.5,136,https://motorwatt.com/ev-marketplace/electric-cars/ev/china/byd-qin-ev-405
BMW I3 eDRIVE 35L Specification,"Longhua District, Shenzhen",,BMW,2022,280,,,160,50,181,https://motorwatt.com/ev-marketplace/electric-cars/ev/china/bmw-i3-edrive-35l
TOYOTA IZOA EV Specification,"Longhua District, Shenzhen",,TOYOTA,2022,400,,,180,54.3,201,https://motorwatt.com/ev-marketplace/electric-cars/ev/china/toyota-izoa-ev
CHEVROLET Menlo Nebula Specification,"Longhua District, Shenzhen",,CHEVROLET,2022,411,,,150,52.5,148,https://motorwatt.com/ev-marketplace/electric-cars/ev/china/chevrolet-menlo-nebula
BUICK Weilan 7 Specification,"Longhua District, Shenzhen",,other,2022,500,,,145,55.6,170,https://motorwatt.com/ev-marketplace/electric-cars/ev/china/buick-weilan-7
AUDI Q4 E-TRON Specification,"Longhua District, Shenzhen",,AUDI,2022,405,,,160,82,201,https://motorwatt.com/ev-marketplace/electric-cars/ev/china/audi-q4-e-tron-515
AUDI Q2 E-TRON Specification,"China; Longhua District, Shenzhen",,AUDI,2022,265,,,150,38,134,https://motorwatt.com/ev-marketplace/electric-cars/ev/china/audi-q2-e-tron
Lucid Air Dream Edition Specification,"J3CV+2Q Scottsdale, Arizona, USA",,Lucid Motors,2022,695,218 000,,270,118,932,https://motorwatt.com/ev-marketplace/electric-cars/ev/usa/lucid-air-dream-edition
VOLKSWAGEN ID6 CROZZ Specification,"Longhua District, Shenzhen",,VOLKSWAGEN,2022,600,,,160,84.8,302,https://motorwatt.com/ev-marketplace/electric-cars/ev/china/volkswagen-id6-crozz-524
VOLKSWAGEN ID3 Specification,"Longhua District, Shenzhen",,VOLKSWAGEN,2022,553,,,160,77,201,https://motorwatt.com/ev-marketplace/electric-cars/ev/china/volkswagen-id3-523
BYD Tang EV Specification,"Longhua District, Shenzhen",,BYD Auto,2022,565,,,180,82.8,202,https://motorwatt.com/ev-marketplace/electric-cars/ev/china/byd-tang-ev-522
BYD Han EV Specification,"Longhua District, Shenzhen",,BYD Auto,2022,605,,,190,77,218,https://motorwatt.com/ev-marketplace/electric-cars/ev/china/byd-han-ev
BYD QIN EV 405 Specification,"Longhua District, Shenzhen",,BYD Auto,2022,400,,,150,47.5,136,https://motorwatt.com/ev-marketplace/electric-cars/ev/china/byd-qin-ev-405
BMW I3 eDRIVE 35L Specification,"Longhua District, Shenzhen",,BMW,2022,280,,,160,50,181,https://motorwatt.com/ev-marketplace/electric-cars/ev/china/bmw-i3-edrive-35l
TOYOTA IZOA EV Specification,"Longhua District, Shenzhen",,TOYOTA,2022,400,,,180,54.3,201,https://motorwatt.com/ev-marketplace/electric-cars/ev/china/toyota-izoa-ev
CHEVROLET Menlo Nebula Specification,"Longhua District, Shenzhen",,CHEVROLET,2022,411,,,150,52.5,148,https://motorwatt.com/ev-marketplace/electric-cars/ev/china/chevrolet-menlo-nebula
BUICK Weilan 7 Specification,"Longhua District, Shenzhen",,other,2022,500,,,145,55.6,170,https://motorwatt.com/ev-marketplace/electric-cars/ev/china/buick-weilan-7
AUDI Q4 E-TRON Specification,"Longhua District, Shenzhen",,AUDI,2022,405,,,160,82,201,https://motorwatt.com/ev-marketplace/electric-cars/ev/china/audi-q4-e-tron-515
AUDI Q2 E-TRON Specification,"China; Longhua District, Shenzhen",,AUDI,2022,265,,,150,38,134,https://motorwatt.com/ev-marketplace/electric-cars/ev/china/audi-q2-e-tron
NISSAN ARIYA 2WD/4WD Specification,"Longhua District, Shenzhen",,NISSAN,2022,445,,,160,87,--,https://motorwatt.com/ev-marketplace/electric-cars/ev/china/nissan-ariya-2wd-4wd
HONDA ENP1 Lanji Specification,"Longhua District, Shenzhen",,HONDA,2022,420,,,150,53.6,182,https://motorwatt.com/ev-marketplace/electric-cars/ev/china/honda-enp1-lanji
BMW i3 Specification,"Guandong, China",,BMW,2017,280,,,160,50,181,https://motorwatt.com/ev-marketplace/electric-cars/ev/china/bmw-i3
MERCEDES EQS AMG Specification,"Guandong, China",,MERCEDES,2022,577,,,220,120,658,https://motorwatt.com/ev-marketplace/electric-cars/ev/china/mercedes-eqs-amg
MERCEDES EQB Specification,"Guandong, China",,MERCEDES,2022,478,,,160,66.5,288,https://motorwatt.com/ev-marketplace/electric-cars/ev/china/mercedes-eqb
MERCEDES EQE Specification,"Guandong, China",,MERCEDES,2022,471,,,180,90,402,https://motorwatt.com/ev-marketplace/electric-cars/ev/china/mercedes-eqe
MERCEDES EQS Specification,"Guandong, China",,MERCEDES,2022,450,,,180,80,408,https://motorwatt.com/ev-marketplace/electric-cars/ev/china/mercedes-eqs
BMW IX3 Specification,"Guandong, China",,BMW,2022,520,,,180,80,282,https://motorwatt.com/ev-marketplace/electric-cars/ev/china/bmw-ix3-440
AUDI Q4 E TRON Specification,"Guandong, China",,,,,,,,,,https://motorwatt.com/ev-marketplace/electric-cars/ev/china/audi-q4-e-tron-439
Hongqi E HS9 Specification,"Guandong, China",,DONGFENG,2022,510,,,,99,551,https://motorwatt.com/ev-marketplace/electric-cars/ev/china/hongqi-e-hs9-438
FAW Hongqi E QM5 Specification,"Guandong, China",,DONGFENG,2021,431,,,160,55,136,https://motorwatt.com/ev-marketplace/electric-cars/ev/china/faw-hongqi-e-qm5
DONGFENG MNV Specification,"Guandong, China",,DONGFENG,2022,480,,,140,61.3,140,https://motorwatt.com/ev-marketplace/electric-cars/ev/china/dongfeng-mnv
GAC EA6 Specification,"Guandong, China",,GAC Motor,2022,460,,,--,58.8,184,https://motorwatt.com/ev-marketplace/electric-cars/ev/china/gac-ea6
HONDA ENP1 Specification,"Guandong, China",,HONDA,2022,420,,,150,53.6,182,https://motorwatt.com/ev-marketplace/electric-cars/ev/china/honda-enp1
Honda VE1 Specification,"Guandong, China",,HONDA,2022,340,,,140,58.8,163,https://motorwatt.com/ev-marketplace/electric-cars/ev/china/honda-ve1
Buick VELITE 7 Specification,"Guandong, China",,other,2022,500,,,--,55.6,170,https://motorwatt.com/ev-marketplace/electric-cars/ev/china/buick-velite-7
Chevrolet MENLO Specification,"Guandong, China",,CHEVROLET,2022,518,,,150,52.2,150,https://motorwatt.com/ev-marketplace/electric-cars/ev/china/chevrolet-menlo
GAC AION LX Specification,"Guandong, China",,GAC Motor,2022,600,,,170,73,341,https://motorwatt.com/ev-marketplace/electric-cars/ev/china/gac-aion-lx
GAC AION S Specification,"Guandong, China",,GAC Motor,2022,460,,,130,58.8,134,https://motorwatt.com/ev-marketplace/electric-cars/ev/china/gac-aion-s
GAC AION V PLUS Specification,"Guandong, China",,GAC Motor,2022,500,,,--,70,221,https://motorwatt.com/ev-marketplace/electric-cars/ev/china/gac-aion-v-plus
GAC AION Y 90 Specification,"Guandong, China",,GAC Motor,2022,410,,,160,55.5,134,https://motorwatt.com/ev-marketplace/electric-cars/ev/china/gac-aion-y-90
VOYAH FREE Specification,"Guandong, China",,Voyah,2022,475,,,200,88,694,https://motorwatt.com/ev-marketplace/electric-cars/ev/china/voyah-free-426
VOYAH DREAMER Specification,"Guandong, China",,Voyah,2022,600,,,200,108,217,https://motorwatt.com/ev-marketplace/electric-cars/ev/china/voyah-dreamer
Arcfox Alpha T Specification,"Guandong, China",,other,2022,480,,,180,67.3,215,https://motorwatt.com/ev-marketplace/electric-cars/ev/china/arcfox-alpha-t
GAC EA6 Specification,"Guandong, China",,GAC Motor,2022,460,,,--,58.8,184,https://motorwatt.com/ev-marketplace/electric-cars/ev/china/gac-ea6
HONDA ENP1 Specification,"Guandong, China",,HONDA,2022,420,,,150,53.6,182,https://motorwatt.com/ev-marketplace/electric-cars/ev/china/honda-enp1
Honda VE1 Specification,"Guandong, China",,HONDA,2022,340,,,140,58.8,163,https://motorwatt.com/ev-marketplace/electric-cars/ev/china/honda-ve1
Buick VELITE 7 Specification,"Guandong, China",,other,2022,500,,,--,55.6,170,https://motorwatt.com/ev-marketplace/electric-cars/ev/china/buick-velite-7
Chevrolet MENLO Specification,"Guandong, China",,CHEVROLET,2022,518,,,150,52.2,150,https://motorwatt.com/ev-marketplace/electric-cars/ev/china/chevrolet-menlo
GAC AION LX Specification,"Guandong, China",,GAC Motor,2022,600,,,170,73,341,https://motorwatt.com/ev-marketplace/electric-cars/ev/china/gac-aion-lx
GAC AION S Specification,"Guandong, China",,GAC Motor,2022,460,,,130,58.8,134,https://motorwatt.com/ev-marketplace/electric-cars/ev/china/gac-aion-s
GAC AION V PLUS Specification,"Guandong, China",,GAC Motor,2022,500,,,--,70,221,https://motorwatt.com/ev-marketplace/electric-cars/ev/china/gac-aion-v-plus
GAC AION Y 90 Specification,"Guandong, China",,GAC Motor,2022,410,,,160,55.5,134,https://motorwatt.com/ev-marketplace/electric-cars/ev/china/gac-aion-y-90
VOYAH FREE Specification,"Guandong, China",,Voyah,2022,475,,,200,88,694,https://motorwatt.com/ev-marketplace/electric-cars/ev/china/voyah-free-426
VOYAH DREAMER Specification,"Guandong, China",,Voyah,2022,600,,,200,108,217,https://motorwatt.com/ev-marketplace/electric-cars/ev/china/voyah-dreamer
Arcfox Alpha T Specification,"Guandong, China",,other,2022,480,,,180,67.3,215,https://motorwatt.com/ev-marketplace/electric-cars/ev/china/arcfox-alpha-t
ARCFOX Alpha S Specification,"Guandong, China",,other,2022,525,,,200,67.3,214,https://motorwatt.com/ev-marketplace/electric-cars/ev/china/arcfox-alpha-s
DongFeng Honda ENS1 Specification,"Guandong, China",,DONGFENG,2022,510,,,150,68.8,204,https://motorwatt.com/ev-marketplace/electric-cars/ev/china/dongfeng-honda-ens1
Audi E TRON 50 QUATTRO Specification,"Guandong, China",,AUDI,2022,488,,,180ё,82,295,https://motorwatt.com/ev-marketplace/electric-cars/ev/china/audi-e-tron-50-quattro
Volvo XC40 Specification,"Guandong, China",,VOLVO,2022,418,,,180,78,402,https://motorwatt.com/ev-marketplace/electric-cars/ev/china/volvo-xc40
Volvo C40 Specification,"Guandong, China",,VOLVO,2022,350,,,180,75.0,228,https://motorwatt.com/ev-marketplace/electric-cars/ev/china/volvo-c40
Mercedes Benz EQC 350 Specification,"Guandong, China",,,,,,,,,,https://motorwatt.com/ev-marketplace/electric-cars/ev/china/mercedes-benz-eqc-350
Mercedes Benz EQC Specification,"Guandong, China",,MERCEDES,2022,370,,,180,85.0,408,https://motorwatt.com/ev-marketplace/electric-cars/ev/china/mercedes-benz-eqc
ID 4 CROZZ Specification,"Guandong, China",,VOLKSWAGEN,2022,285,,,160,52.0,180,https://motorwatt.com/ev-marketplace/electric-cars/ev/china/id-4-crozz
VOLKSWAGEN ID6 CROZZ Specification,"Guandong, China",,VOLKSWAGEN,2022,600,,,160,84.8,517,https://motorwatt.com/ev-marketplace/electric-cars/ev/china/volkswagen-id6-crozz-415
Mercedes Benz EQA 260 Specification,"Guandong, China",,MERCEDES,2022,375,,,160,70.5,190,https://motorwatt.com/ev-marketplace/electric-cars/ev/china/mercedes-benz-eqa-260
Xpeng G3i 520N+ Specification,SHENZHEN; China,,XPENG,2022,520,26 994,,170,66.2,197,https://motorwatt.com/ev-marketplace/electric-cars/ev/china/xpeng-g3i-520n
Xpeng P7 Specification,SHENZHEN; China,,XPENG,2022,670,39 431,,170,83.1,263,https://motorwatt.com/ev-marketplace/electric-cars/ev/china/xpeng-p7-412
Xpeng P7 480N+ Specification,SHENZHEN; China,,XPENG,2022,480,35 050,,170,60.2,424,https://motorwatt.com/ev-marketplace/electric-cars/ev/china/xpeng-p7-480n
Voyah Dreammaker (pure electric) Specification,SHENZHEN; China,,Voyah,2022,605,64 730,,200,108.7,210,https://motorwatt.com/ev-marketplace/electric-cars/ev/china/voyah-dreammaker-pure-electric
Leapmotor C11 (Performance) Specification,SHENZHEN; China,,Leap Motor,2021,550,29 679,,170,89.97,544,https://motorwatt.com/ev-marketplace/electric-cars/ev/china/leapmotor-c11-performance
ZEEKR 001 YOU Specification,SHENZHEN; China,,ZEEKR,2022,650,53 847,,210,108.8,536,https://motorwatt.com/ev-marketplace/electric-cars/ev/china/zeekr-001-you-408
Volkswagen ID6 CROZZ PURE + Specification,SHENZHEN; China,,VOLKSWAGEN,2022,600,36 746,,160,84.8,517,https://motorwatt.com/ev-marketplace/electric-cars/ev/china/volkswagen-id6-crozz-pure
2022 BYD Seal (Full drive) Specification,SHENZHEN; China,,BYD Auto,2022,650,39 997,,180,82.5,520,https://motorwatt.com/ev-marketplace/electric-cars/ev/china/2022-byd-seal-full-drive
Qin Plus EV Specification,SHENZHEN; China,,BYD Auto,2021,400,25 109,,150,47.5,136,https://motorwatt.com/ev-marketplace/electric-cars/ev/china/qin-plus-ev
BYD TANG (Full drive) Specification,SHENZHEN; China,,BYD Auto,2022,635,47 240,,180,108,517,https://motorwatt.com/ev-marketplace/electric-cars/ev/china/byd-tang-full-drive
AITO M7 (top version) Specification,SHENZHEN; China,,other,2022,165,52 631,,--,40,449,https://motorwatt.com/ev-marketplace/electric-cars/ev/china/aito-m7-top-version
AITO M5 (top version) Specification,SHENZHEN; China,,other,2022,552,46 105,,210,79.93,496,https://motorwatt.com/ev-marketplace/electric-cars/ev/china/aito-m5-top-version
ID.4 CROZZ Pure+ Specification,Hunan; China .,,VOLKSWAGEN,2022,550,43 563,,160,84.8,201,https://motorwatt.com/ev-marketplace/electric-cars/ev/china/id-4-crozz-pure
Volkswagen ID.6X Prime Specification,Hunan; China.,,VOLKSWAGEN,2022,510,41 900,,160,77,313,https://motorwatt.com/ev-marketplace/electric-cars/ev/china/volkswagen-id-6x-prime
Xpeng P7 480N+ Specification,SHENZHEN; China,,XPENG,2022,480,35 050,,170,60.2,424,https://motorwatt.com/ev-marketplace/electric-cars/ev/china/xpeng-p7-480n
Voyah Dreammaker (pure electric) Specification,SHENZHEN; China,,Voyah,2022,605,64 730,,200,108.7,210,https://motorwatt.com/ev-marketplace/electric-cars/ev/china/voyah-dreammaker-pure-electric
Leapmotor C11 (Performance) Specification,SHENZHEN; China,,Leap Motor,2021,550,29 679,,170,89.97,544,https://motorwatt.com/ev-marketplace/electric-cars/ev/china/leapmotor-c11-performance
ZEEKR 001 YOU Specification,SHENZHEN; China,,ZEEKR,2022,650,53 847,,210,108.8,536,https://motorwatt.com/ev-marketplace/electric-cars/ev/china/zeekr-001-you-408
Volkswagen ID6 CROZZ PURE + Specification,SHENZHEN; China,,VOLKSWAGEN,2022,600,36 746,,160,84.8,517,https://motorwatt.com/ev-marketplace/electric-cars/ev/china/volkswagen-id6-crozz-pure
2022 BYD Seal (Full drive) Specification,SHENZHEN; China,,BYD Auto,2022,650,39 997,,180,82.5,520,https://motorwatt.com/ev-marketplace/electric-cars/ev/china/2022-byd-seal-full-drive
Qin Plus EV Specification,SHENZHEN; China,,BYD Auto,2021,400,25 109,,150,47.5,136,https://motorwatt.com/ev-marketplace/electric-cars/ev/china/qin-plus-ev
BYD TANG (Full drive) Specification,SHENZHEN; China,,BYD Auto,2022,635,47 240,,180,108,517,https://motorwatt.com/ev-marketplace/electric-cars/ev/china/byd-tang-full-drive
AITO M7 (top version) Specification,SHENZHEN; China,,other,2022,165,52 631,,--,40,449,https://motorwatt.com/ev-marketplace/electric-cars/ev/china/aito-m7-top-version
AITO M5 (top version) Specification,SHENZHEN; China,,other,2022,552,46 105,,210,79.93,496,https://motorwatt.com/ev-marketplace/electric-cars/ev/china/aito-m5-top-version
ID.4 CROZZ Pure+ Specification,Hunan; China .,,VOLKSWAGEN,2022,550,43 563,,160,84.8,201,https://motorwatt.com/ev-marketplace/electric-cars/ev/china/id-4-crozz-pure
Volkswagen ID.6X Prime Specification,Hunan; China.,,VOLKSWAGEN,2022,510,41 900,,160,77,313,https://motorwatt.com/ev-marketplace/electric-cars/ev/china/volkswagen-id-6x-prime
Volkswagen ID.4 X PRIME Specification,Hunan; China,,VOLKSWAGEN,2022,405,35 700,,180,82,261,https://motorwatt.com/ev-marketplace/electric-cars/ev/china/volkswagen-id-4-x-prime
Volkswagen ID.4 Lite Pro Specification,Hunan; China,,VOLKSWAGEN,2022,550,,,160,84.8,201,https://motorwatt.com/ev-marketplace/electric-cars/ev/china/volkswagen-id-4-lite-pro
Volkswagen ID4 X PURE + Specification,Hunan; China,,VOLKSWAGEN,2022,285,28 500,,160,52.0,180,https://motorwatt.com/ev-marketplace/electric-cars/ev/china/volkswagen-id4-x-pure-397
Volkswagen ID.4 Pure+ X Specification,Hunan; China,,VOLKSWAGEN,2022,280,,,160,83.4,168,https://motorwatt.com/ev-marketplace/electric-cars/ev/china/volkswagen-id-4-pure-x
Roewe Rising Auto ER6 Specification,Hunan; China,,other,2022,620,24 200,,185,69.9,184,https://motorwatt.com/ev-marketplace/electric-cars/ev/china/roewe-rising-auto-er6
Tesla Model Y 2021 Specification,Germany Dr.-Wandinger-Strasse 5 94447 Plattling; Germany,,TESLA,2021,507,70 765,,217,75,346,https://motorwatt.com/ev-marketplace/electric-cars/ev/germany/tesla-model-y-2021
Tesla Model X Maximum range Specification,Germany Dr.-Wandinger-Strasse 5 94447 Plattling; Germany,,TESLA,2020,507,99 570,,250,100,671,https://motorwatt.com/ev-marketplace/electric-cars/ev/germany/tesla-model-x-maximum-range
Tesla Model X 100D Specification,Germany Dr.-Wandinger-Strasse 5 94447 Plattling; Germany,,TESLA,2018,565,83 224,,250,100,671,https://motorwatt.com/ev-marketplace/electric-cars/ev/germany/tesla-model-x-100d-392
Tesla Model X 100D Maximum range Specification,Germany Dr.-Wandinger-Strasse 5 94447 Plattling; Germany,,TESLA,2022,,78 739,,250,100,671,https://motorwatt.com/ev-marketplace/electric-cars/ev/germany/tesla-model-x-100d-maximum-range-391
Tesla Model X 100D Maximum range Specification,Germany Dr.-Wandinger-Strasse 5 94447 Plattling; Germany,,TESLA,2018,565,73 555,,250,100,671,https://motorwatt.com/ev-marketplace/electric-cars/ev/germany/tesla-model-x-100d-maximum-range-390
Tesla Model X 100D Specification,Germany Dr.-Wandinger-Strasse 5 94447 Plattling; Germany,,TESLA,2016,542,72 988,,250,100,671,https://motorwatt.com/ev-marketplace/electric-cars/ev/germany/tesla-model-x-100d-389
Tesla Model 3 AWD Specification,Germany Dr.-Wandinger-Strasse 5 94447 Plattling; Germany,,TESLA,2020,560,55 317,,233,75,435,https://motorwatt.com/ev-marketplace/electric-cars/ev/germany/tesla-model-3-awd
Tesla Model 3 Maximum Range AWD Specification,Germany Dr.-Wandinger-Strasse 5 94447 Plattling; Germany,,TESLA,2019,560,49 834,,233,75,341,https://motorwatt.com/ev-marketplace/electric-cars/ev/germany/tesla-model-3-maximum-range-awd
Tesla Model 3 2019 AWD Specification,Germany Dr.-Wandinger-Strasse 5 94447 Plattling; Germany,,TESLA,2019,560,49 834,,233,75,341,https://motorwatt.com/ev-marketplace/electric-cars/ev/germany/tesla-model-3-2019-awd
Tesla Model 3 Specification,Germany Dr.-Wandinger-Strasse 5 94447 Plattling; Germany,,TESLA,2019,560,46 844,,233,75,341,https://motorwatt.com/ev-marketplace/electric-cars/ev/germany/tesla-model-3
Tesla Model S 100D Specification,Germany Dr.-Wandinger-Strasse 5 94447 Plattling; Germany,,TESLA,2019,613,74 751,,250,100,604,https://motorwatt.com/ev-marketplace/electric-cars/ev/germany/tesla-model-s-100d-384
Tesla Model S 100D Specification,Germany Dr.-Wandinger-Strasse 5 94447 Plattling; Germany,,TESLA,2019,632,73 257,,250,100,604,https://motorwatt.com/ev-marketplace/electric-cars/ev/germany/tesla-model-s-100d-383
2018 Model S 100D Maximum range Specification,Germany Dr.-Wandinger-Strasse 5 94447 Plattling; Germany,,TESLA,2018,632,69 869,,250,100,603,https://motorwatt.com/ev-marketplace/electric-cars/ev/germany/2018-model-s-100d-maximum-range-382
2018 Model S 100D Maximum range Specification,Germany Dr.-Wandinger-Strasse 5 94447 Plattling; Germany,,TESLA,2018,632,66 878,,250,100,604,https://motorwatt.com/ev-marketplace/electric-cars/ev/germany/2018-model-s-100d-maximum-range-381
2018 Model S 100D Maximum range Specification,Germany Dr.-Wandinger-Strasse 5 94447 Plattling; Germany,,TESLA,2018,632,63 091,,250,100,604,https://motorwatt.com/ev-marketplace/electric-cars/ev/germany/2018-model-s-100d-maximum-range-380
2018 Model S 100D Maximum range Specification,Germany Dr.-Wandinger-Strasse 5 94447 Plattling; Germany,,TESLA,2018,632,62 791,,250,100,603,https://motorwatt.com/ev-marketplace/electric-cars/ev/germany/2018-model-s-100d-maximum-range-379
Tesla Model S D100 Specification,Germany Dr.-Wandinger-Strasse 5 94447 Plattling; Germany,,TESLA,2017,632,56 313,,225,100,603,https://motorwatt.com/ev-marketplace/electric-cars/ev/germany/tesla-model-s-d100
Tesla Model S 75D Specification,Germany Dr.-Wandinger-Strasse 5 94447 Plattling; Germany,,TESLA,2018,490,49 969,,225,75,422,https://motorwatt.com/ev-marketplace/electric-cars/ev/germany/tesla-model-s-75d
Tesla Model S 75D 2016 Specification,Germany Dr.-Wandinger-Strasse 5 94447 Plattling; Germany,,TESLA,2016,490,43 981,,250,75,328,https://motorwatt.com/ev-marketplace/electric-cars/ev/germany/tesla-model-s-75d-2016
Tesla Model 3 Maximum Range AWD Specification,Germany Dr.-Wandinger-Strasse 5 94447 Plattling; Germany,,TESLA,2019,560,49 834,,233,75,341,https://motorwatt.com/ev-marketplace/electric-cars/ev/germany/tesla-model-3-maximum-range-awd
Tesla Model 3 2019 AWD Specification,Germany Dr.-Wandinger-Strasse 5 94447 Plattling; Germany,,TESLA,2019,560,49 834,,233,75,341,https://motorwatt.com/ev-marketplace/electric-cars/ev/germany/tesla-model-3-2019-awd
Tesla Model 3 Specification,Germany Dr.-Wandinger-Strasse 5 94447 Plattling; Germany,,TESLA,2019,560,46 844,,233,75,341,https://motorwatt.com/ev-marketplace/electric-cars/ev/germany/tesla-model-3
Tesla Model S 100D Specification,Germany Dr.-Wandinger-Strasse 5 94447 Plattling; Germany,,TESLA,2019,613,74 751,,250,100,604,https://motorwatt.com/ev-marketplace/electric-cars/ev/germany/tesla-model-s-100d-384
Tesla Model S 100D Specification,Germany Dr.-Wandinger-Strasse 5 94447 Plattling; Germany,,TESLA,2019,632,73 257,,250,100,604,https://motorwatt.com/ev-marketplace/electric-cars/ev/germany/tesla-model-s-100d-383
2018 Model S 100D Maximum range Specification,Germany Dr.-Wandinger-Strasse 5 94447 Plattling; Germany,,TESLA,2018,632,69 869,,250,100,603,https://motorwatt.com/ev-marketplace/electric-cars/ev/germany/2018-model-s-100d-maximum-range-382
2018 Model S 100D Maximum range Specification,Germany Dr.-Wandinger-Strasse 5 94447 Plattling; Germany,,TESLA,2018,632,66 878,,250,100,604,https://motorwatt.com/ev-marketplace/electric-cars/ev/germany/2018-model-s-100d-maximum-range-381
2018 Model S 100D Maximum range Specification,Germany Dr.-Wandinger-Strasse 5 94447 Plattling; Germany,,TESLA,2018,632,63 091,,250,100,604,https://motorwatt.com/ev-marketplace/electric-cars/ev/germany/2018-model-s-100d-maximum-range-380
2018 Model S 100D Maximum range Specification,Germany Dr.-Wandinger-Strasse 5 94447 Plattling; Germany,,TESLA,2018,632,62 791,,250,100,603,https://motorwatt.com/ev-marketplace/electric-cars/ev/germany/2018-model-s-100d-maximum-range-379
Tesla Model S D100 Specification,Germany Dr.-Wandinger-Strasse 5 94447 Plattling; Germany,,TESLA,2017,632,56 313,,225,100,603,https://motorwatt.com/ev-marketplace/electric-cars/ev/germany/tesla-model-s-d100
Tesla Model S 75D Specification,Germany Dr.-Wandinger-Strasse 5 94447 Plattling; Germany,,TESLA,2018,490,49 969,,225,75,422,https://motorwatt.com/ev-marketplace/electric-cars/ev/germany/tesla-model-s-75d
Tesla Model S 75D 2016 Specification,Germany Dr.-Wandinger-Strasse 5 94447 Plattling; Germany,,TESLA,2016,490,43 981,,250,75,328,https://motorwatt.com/ev-marketplace/electric-cars/ev/germany/tesla-model-s-75d-2016
Tesla Model S 2017 90D Specification,Germany Dr.-Wandinger-Strasse 5 94447 Plattling; Germany,,TESLA,2017,557,53 977,,250,93,690,https://motorwatt.com/ev-marketplace/electric-cars/ev/germany/tesla-model-s-2017-90d
BMW i4 M50 Specification,Germany Dr.-Wandinger-Strasse 5 94447 Plattling; Germany,,BMW,2022,510,88 554,,225,83.9,537,https://motorwatt.com/ev-marketplace/electric-cars/ev/germany/bmw-i4-m50-374
BMW i4 eDrive40 Specification,Dr.-Wandinger-Strasse 5 94447 Plattling; Germany,,BMW,2022,590,69 156,,190,83.9,335,https://motorwatt.com/ev-marketplace/electric-cars/ev/germany/bmw-i4-edrive40
BMW iX M60 Specification,Dr.-Wandinger-Strasse 5 94447 Plattling; Germany,,BMW,2022,565,141 230,,250,112,611,https://motorwatt.com/ev-marketplace/electric-cars/ev/germany/bmw-ix-m60
BMW iX xDrive50 Specification,Dr.-Wandinger-Strasse 5 94447 Plattling; Germany,,BMW,2022,630,116 150,,200,112,517,https://motorwatt.com/ev-marketplace/electric-cars/ev/germany/bmw-ix-xdrive50
BMW iX xDrive40 Specification,Dr.-Wandinger-Strasse 5 94447 Plattling; Germany,,BMW,2022,425,84 738,,200,76.6,322,https://motorwatt.com/ev-marketplace/electric-cars/ev/germany/bmw-ix-xdrive40
Porsche Taycan Turbo Sport Specification,Dr.-Wandinger-Strasse 5 94447 Plattling; Germany,,PORSCHE,2022,419,188 207,,250,93.4,751,https://motorwatt.com/ev-marketplace/electric-cars/ev/germany/porsche-taycan-turbo-sport-369
Porsche Taycan Turbo Cross Specification,Dr.-Wandinger-Strasse 5 94447 Plattling; Germany,,PORSCHE,2022,452,169 276,,250,93.7,671,https://motorwatt.com/ev-marketplace/electric-cars/ev/germany/porsche-taycan-turbo-cross
BMW iX3 Specification,Dr.-Wandinger-Strasse 5 94447 Plattling; Germany,,BMW,2022,520,67 410,,180,80,282,https://motorwatt.com/ev-marketplace/electric-cars/ev/germany/bmw-ix3-367
Mercedes-Benz EQS 580 4Matic Specification,Dr.-Wandinger-Strasse 5 94447 Plattling; Germany,,MERCEDES,2022,560,196 671,,210,108,516,https://motorwatt.com/ev-marketplace/electric-cars/ev/germany/mercedes-benz-eqs-580-4matic
Porsche Taycan Specification,Dr.-Wandinger-Strasse 5 94447 Plattling; Germany,,PORSCHE,2021,431,104 480,,230,79.2,379,https://motorwatt.com/ev-marketplace/electric-cars/ev/germany/porsche-taycan-365
Porsche Taycan Specification,Dr.-Wandinger-Strasse 5 94447 Plattling; Germany,,PORSCHE,2022,431,117 708,,230,79.2,402,https://motorwatt.com/ev-marketplace/electric-cars/ev/germany/porsche-taycan-364
Porsche Taycan Turbo Specification,Dr.-Wandinger-Strasse 5 94447 Plattling; Germany,,PORSCHE,2020,450,133 107,,260,93.4,671,https://motorwatt.com/ev-marketplace/electric-cars/ev/germany/porsche-taycan-turbo
Porsche Taycan Turbo Sport Specification,Dr.-Wandinger-Strasse 5 94447 Plattling; Germany,,PORSCHE,2022,491,164 652,,260,3.2,671,https://motorwatt.com/ev-marketplace/electric-cars/ev/germany/porsche-taycan-turbo-sport-362
Porsche Taycan Turbo S Sport Specification,Dr.-Wandinger-Strasse 5 94447 Plattling; Germany,,PORSCHE,2022,412,221 747,,260,93.4,751,https://motorwatt.com/ev-marketplace/electric-cars/ev/germany/porsche-taycan-turbo-s-sport-tur
Porsche Taycan Sport Turismo Specification,Dr.-Wandinger-Strasse 5 94447 Plattling; Germany,,PORSCHE,2022,433,118 225,,230,79.2,322,https://motorwatt.com/ev-marketplace/electric-cars/ev/germany/porsche-taycan-sport-turismo
Porsche Taycan GTS | Hockenheim Specification,Dr.-Wandinger-Strasse 5 94447 Plattling; Germany,,PORSCHE,2022,504,188 479,,250,93.4,590,https://motorwatt.com/ev-marketplace/electric-cars/ev/germany/porsche-taycan-gts-hockenheim
Porsche Taycan | GTS Sport Specification,Dr.-Wandinger-Strasse 5 94447 Plattling; Germany,,PORSCHE,2022,490,167 886,,250,93.4,590,https://motorwatt.com/ev-marketplace/electric-cars/ev/germany/porsche-taycan-gts-sport
Porsche Taycan 4S | SportDesign Specification,Dr.-Wandinger-Strasse 5 94447 Plattling; Germany,,PORSCHE,2021,407,121 307,,250,79.2,523,https://motorwatt.com/ev-marketplace/electric-cars/ev/germany/porsche-taycan-4s-sportdesign
Porsche Taycan 4S | Performance Specification,Dr.-Wandinger-Strasse 5 94447 Plattling; Germany,,PORSCHE,2021,462,112 928,,250,93.4,563,https://motorwatt.com/ev-marketplace/electric-cars/ev/germany/porsche-taycan-4s-performance
Porsche Taycan 4S Specification,Dr.-Wandinger-Strasse 5 94447 Plattling,,PORSCHE,2021,407,123 130,,250,79.2,523,https://motorwatt.com/ev-marketplace/electric-cars/ev/germany/porsche-taycan-4s
Porsche Taycan 4 Cross Turismo Specification,,,PORSCHE,2022,456,124 356,,220,93.4,470,https://motorwatt.com/ev-marketplace/electric-cars/ev/germany/porsche-taycan-4-cross-turismo-354
Porsche Taycan 4 Cross Turismo Specification,Dr.-Wandinger-Strasse 5 94447 Plattling; Germany,,PORSCHE,2022,452,131 615,,220,93.4,476 (launch control),https://motorwatt.com/ev-marketplace/electric-cars/ev/germany/porsche-taycan-4-cross-turismo-353
BYD YUAN Flagship Specification,Hunan; China,,BYD Auto,2022,510,25 500,,175,60.48,204,https://motorwatt.com/ev-marketplace/electric-cars/ev/china/byd-yuan-flagship
Porsche Taycan Turbo Specification,Dr.-Wandinger-Strasse 5 94447 Plattling; Germany,,PORSCHE,2020,450,133 107,,260,93.4,671,https://motorwatt.com/ev-marketplace/electric-cars/ev/germany/porsche-taycan-turbo
Porsche Taycan Turbo Sport Specification,Dr.-Wandinger-Strasse 5 94447 Plattling; Germany,,PORSCHE,2022,491,164 652,,260,3.2,671,https://motorwatt.com/ev-marketplace/electric-cars/ev/germany/porsche-taycan-turbo-sport-362
Porsche Taycan Turbo S Sport Specification,Dr.-Wandinger-Strasse 5 94447 Plattling; Germany,,PORSCHE,2022,412,221 747,,260,93.4,751,https://motorwatt.com/ev-marketplace/electric-cars/ev/germany/porsche-taycan-turbo-s-sport-tur
Porsche Taycan Sport Turismo Specification,Dr.-Wandinger-Strasse 5 94447 Plattling; Germany,,PORSCHE,2022,433,118 225,,230,79.2,322,https://motorwatt.com/ev-marketplace/electric-cars/ev/germany/porsche-taycan-sport-turismo
Porsche Taycan GTS | Hockenheim Specification,Dr.-Wandinger-Strasse 5 94447 Plattling; Germany,,PORSCHE,2022,504,188 479,,250,93.4,590,https://motorwatt.com/ev-marketplace/electric-cars/ev/germany/porsche-taycan-gts-hockenheim
Porsche Taycan | GTS Sport Specification,Dr.-Wandinger-Strasse 5 94447 Plattling; Germany,,PORSCHE,2022,490,167 886,,250,93.4,590,https://motorwatt.com/ev-marketplace/electric-cars/ev/germany/porsche-taycan-gts-sport
Porsche Taycan 4S | SportDesign Specification,Dr.-Wandinger-Strasse 5 94447 Plattling; Germany,,PORSCHE,2021,407,121 307,,250,79.2,523,https://motorwatt.com/ev-marketplace/electric-cars/ev/germany/porsche-taycan-4s-sportdesign
Porsche Taycan 4S | Performance Specification,Dr.-Wandinger-Strasse 5 94447 Plattling; Germany,,PORSCHE,2021,462,112 928,,250,93.4,563,https://motorwatt.com/ev-marketplace/electric-cars/ev/germany/porsche-taycan-4s-performance
Porsche Taycan 4S Specification,Dr.-Wandinger-Strasse 5 94447 Plattling,,PORSCHE,2021,407,123 130,,250,79.2,523,https://motorwatt.com/ev-marketplace/electric-cars/ev/germany/porsche-taycan-4s
Porsche Taycan 4 Cross Turismo Specification,,,PORSCHE,2022,456,124 356,,220,93.4,470,https://motorwatt.com/ev-marketplace/electric-cars/ev/germany/porsche-taycan-4-cross-turismo-354
Porsche Taycan 4 Cross Turismo Specification,Dr.-Wandinger-Strasse 5 94447 Plattling; Germany,,PORSCHE,2022,452,131 615,,220,93.4,476 (launch control),https://motorwatt.com/ev-marketplace/electric-cars/ev/germany/porsche-taycan-4-cross-turismo-353
BYD YUAN Flagship Specification,Hunan; China,,BYD Auto,2022,510,25 500,,175,60.48,204,https://motorwatt.com/ev-marketplace/electric-cars/ev/china/byd-yuan-flagship
Tesla Model Y (standart) Specification,"Jibek-Joli street, 76, Almaty 050000, Kazakhstan",,TESLA,2021,507,65 000,,217,75,346,https://motorwatt.com/ev-marketplace/electric-cars/ev/kazakhstan/tesla-model-y-standart
VOLKSWAGEN E-BORA Specification,"Jibek-Joli street, 76, Almaty 050000, Kazakhstan",,VOLKSWAGEN,2022,370,24 000,,150,39.76,136,https://motorwatt.com/ev-marketplace/electric-cars/ev/kazakhstan/volkswagen-e-bora
Mercedes-Benz EQC 400 Specification,"Jibek-Joli street, 76, Almaty 050000, Kazakhstan",,MERCEDES,2022,417,101 000,,180,80,402,https://motorwatt.com/ev-marketplace/electric-cars/ev/kazakhstan/mercedes-benz-eqc-400-349
LEXUS UX300e Specification,"Jibek-Joli street, 76, Almaty 050000, Kazakhstan",,LEXUS,2020,400,45 000,,160,54.3,201,https://motorwatt.com/ev-marketplace/electric-cars/ev/kazakhstan/lexus-ux300e-348
ENOVATE ME 7 (top version) Specification,"Jibek-Joli street, 76, Almaty 050000, Kazakhstan",,other,2021,550,38 000,,160,87,215,https://motorwatt.com/ev-marketplace/electric-cars/ev/kazakhstan/enovate-me-7-top-version
HONGQI E-HS9 (top version) Specification,"Jibek-Joli street, 76, Almaty 050000, Kazakhstan",,HongQi,2022,660,140 000,,200,120,543,https://motorwatt.com/ev-marketplace/electric-cars/ev/kazakhstan/hongqi-e-hs9-top-version
TOYOTA C-HR EV Specification,"Jibek-Joli street, 76, Almaty 050000, Kazakhstan",,TOYOTA,2021,400,35 000,,160,54.3,150,https://motorwatt.com/ev-marketplace/electric-cars/ev/kazakhstan/toyota-c-hr-ev
WELTMEISTER EX5-Z FUN 400 (top) Specification,"Jibek-Joli street, 76, Almaty 050000, Kazakhstan",,WELTMEISTER,2022,403,35 000,,150,52.6,218,https://motorwatt.com/ev-marketplace/electric-cars/ev/kazakhstan/weltmeister-ex5-z-fun-400-top
BYD TANG EV (top version) Specification,"Jibek-Joli street, 76, Almaty 050000, Kazakhstan",,BYD Auto,2021,565,62 000,,180,180,565,https://motorwatt.com/ev-marketplace/electric-cars/ev/kazakhstan/byd-tang-ev-top-version
HONDA M-NV (top version) Specification,"Jibek-Joli street, 76, Almaty 050000, Kazakhstan",,DONGFENG,2021,480,34 000,,140,61,163,https://motorwatt.com/ev-marketplace/electric-cars/ev/kazakhstan/honda-m-nv-top-version
AUDI Q2L E-tron Specification,"Jibek-Joli street, 76, Almaty 050000, Kazakhstan",,AUDI,2021,265,36 000,,150,39.7,134,https://motorwatt.com/ev-marketplace/electric-cars/ev/kazakhstan/audi-q2l-e-tron
Zeekr 001 YOU Specification,Hunan; China,,ZEEKR,2022,650,62 500,,200,100,208,https://motorwatt.com/ev-marketplace/electric-cars/ev/china/zeekr-001-you-339
Voyah Free (top version) Specification,Hunan; China,,DONGFENG,2022,475,55 000,,200,88,693,https://motorwatt.com/ev-marketplace/electric-cars/ev/china/voyah-free-top-version
VOLVO Polestar (single motor) Specification,Hunan; China,,VOLVO,2022,510,39 000,,160,78,228,https://motorwatt.com/ev-marketplace/electric-cars/ev/china/volvo-polestar-single-motor
NIO ET7 (CUSTOM) Specification,Hunan; China,,NIO,2022,700,81 000,,200,100,653,https://motorwatt.com/ev-marketplace/electric-cars/ev/china/nio-et7-custom
Nio ES8 (Seven-seat version) Specification,Hunan; China,,NIO,2022,425,81 600,,200,84,653,https://motorwatt.com/ev-marketplace/electric-cars/ev/china/nio-es8-seven-seat-version
Nio ES6 Specification,Hunan; China,,NIO,2022,510,71 150,,200,84,544,https://motorwatt.com/ev-marketplace/electric-cars/ev/china/nio-es6
Neta U pro 500 Specification,Hunan; China,,Hozon Auto,2022,500,27 800,,155,68,163,https://motorwatt.com/ev-marketplace/electric-cars/ev/china/neta-u-pro-500
Mecedez EQS Specification,"Hunan, China",,MERCEDES,2022,450,114 000,,180,80,408,https://motorwatt.com/ev-marketplace/electric-cars/ev/china/mecedez-eqs
Mecedez EQC 400 Specification,Hunan; China,,MERCEDES,2022,460,67 000,,180,80,402,https://motorwatt.com/ev-marketplace/electric-cars/ev/china/mecedez-eqc-400
Li Xang Auto L9 Extended Range Specification,Hunan; China,,other,2022,1315,70 300,,180,330,440,https://motorwatt.com/ev-marketplace/electric-cars/ev/china/li-xang-auto-l9-extended-range
VOLKSWAGEN ID4 X Lite Pro Specification,Hunan; China,,VOLKSWAGEN,2022,550,,,160,84.8,168,https://motorwatt.com/ev-marketplace/electric-cars/ev/china/volkswagen-id4-x-lite-pro
VOLKSWAGEN ID4 X Pure + Specification,Hunan; China,,VOLKSWAGEN,2022,520,28 500,,160,62.0,102,https://motorwatt.com/ev-marketplace/electric-cars/ev/china/volkswagen-id4-x-pure-328
VOLKSWAGEN ID4 X Pure Specification,Hunan; China,,VOLKSWAGEN,2022,400,,,160,62.0,200,https://motorwatt.com/ev-marketplace/electric-cars/ev/china/volkswagen-id4-x-pure-327
Voyah Free (top version) Specification,Hunan; China,,DONGFENG,2022,475,55 000,,200,88,693,https://motorwatt.com/ev-marketplace/electric-cars/ev/china/voyah-free-top-version
VOLVO Polestar (single motor) Specification,Hunan; China,,VOLVO,2022,510,39 000,,160,78,228,https://motorwatt.com/ev-marketplace/electric-cars/ev/china/volvo-polestar-single-motor
NIO ET7 (CUSTOM) Specification,Hunan; China,,NIO,2022,700,81 000,,200,100,653,https://motorwatt.com/ev-marketplace/electric-cars/ev/china/nio-et7-custom
Nio ES8 (Seven-seat version) Specification,Hunan; China,,NIO,2022,425,81 600,,200,84,653,https://motorwatt.com/ev-marketplace/electric-cars/ev/china/nio-es8-seven-seat-version
Nio ES6 Specification,Hunan; China,,NIO,2022,510,71 150,,200,84,544,https://motorwatt.com/ev-marketplace/electric-cars/ev/china/nio-es6
Neta U pro 500 Specification,Hunan; China,,Hozon Auto,2022,500,27 800,,155,68,163,https://motorwatt.com/ev-marketplace/electric-cars/ev/china/neta-u-pro-500
Mecedez EQS Specification,"Hunan, China",,MERCEDES,2022,450,114 000,,180,80,408,https://motorwatt.com/ev-marketplace/electric-cars/ev/china/mecedez-eqs
Mecedez EQC 400 Specification,Hunan; China,,MERCEDES,2022,460,67 000,,180,80,402,https://motorwatt.com/ev-marketplace/electric-cars/ev/china/mecedez-eqc-400
Li Xang Auto L9 Extended Range Specification,Hunan; China,,other,2022,1315,70 300,,180,330,440,https://motorwatt.com/ev-marketplace/electric-cars/ev/china/li-xang-auto-l9-extended-range
VOLKSWAGEN ID4 X Lite Pro Specification,Hunan; China,,VOLKSWAGEN,2022,550,,,160,84.8,168,https://motorwatt.com/ev-marketplace/electric-cars/ev/china/volkswagen-id4-x-lite-pro
VOLKSWAGEN ID4 X Pure + Specification,Hunan; China,,VOLKSWAGEN,2022,520,28 500,,160,62.0,102,https://motorwatt.com/ev-marketplace/electric-cars/ev/china/volkswagen-id4-x-pure-328
VOLKSWAGEN ID4 X Pure Specification,Hunan; China,,VOLKSWAGEN,2022,400,,,160,62.0,200,https://motorwatt.com/ev-marketplace/electric-cars/ev/china/volkswagen-id4-x-pure-327
Huawei Seres SF5 Specification,Hunan; China,,other,2022,180,29 400,,180,35,221,https://motorwatt.com/ev-marketplace/electric-cars/ev/china/huawei-seres-sf5
HongQi EHS9 Specification,Hunan; China,,HongQi,2022,660,92 800,,200,120,543,https://motorwatt.com/ev-marketplace/electric-cars/ev/china/hongqi-ehs9
Honda e:NS 1 Specification,Hunan; China,,HONDA,2022,510,,,150,68.8,204,https://motorwatt.com/ev-marketplace/electric-cars/ev/china/honda-e-ns-1
Honda MNV Specification,"Hunan, China",,HONDA,2022,480,21 000,,140,61,163,https://motorwatt.com/ev-marketplace/electric-cars/ev/china/honda-mnv
FAW Bestune NAT Specification,Hunan; China,,other,2022,419,17 300,,130,55,136,https://motorwatt.com/ev-marketplace/electric-cars/ev/china/faw-bestune-nat
BYD Song Plus Specification,Hunan; China,,BYD Auto,2022,505,30 100,,185,72,184,https://motorwatt.com/ev-marketplace/electric-cars/ev/china/byd-song-plus
BYD Yuan Pro Specification,Hunan; China,,BYD Auto,2022,401,18 300,,140,50.1,136,https://motorwatt.com/ev-marketplace/electric-cars/ev/china/byd-yuan-pro-319
BYD Yuan Plus Specification,Hunan; China,,BYD Auto,2022,510,25 000,,175,60.48,204,https://motorwatt.com/ev-marketplace/electric-cars/ev/china/byd-yuan-plus
BYD Yuan Plus (Flagship Version) Specification,Hunan; China,,BYD Auto,2022,510,26 000,,175,60.48,204,https://motorwatt.com/ev-marketplace/electric-cars/ev/china/byd-yuan-plus-flagship-version
BYD Tang (top version) 4WD Specification,Hunan; China,,BYD Auto,2022,635,52 000,,180,17.6 kWh/100 km,517,https://motorwatt.com/ev-marketplace/electric-cars/ev/china/byd-tang-top-version-4wd
BYD Han 4WD (Qianshan Cui) Specification,Hunan; China,,BYD Auto,2022,550,50 000,,180,76.9,494,https://motorwatt.com/ev-marketplace/electric-cars/ev/china/byd-han-4wd-qianshan-cui
BYD Han 4WD Specification,hunan China,,BYD Auto,2022,550,46 000,,180,76.9,494,https://motorwatt.com/ev-marketplace/electric-cars/ev/china/byd-han-4wd-314
BMW IX3 Specification,Hunan; China,,BMW,2022,458,56 000,,180,80,286,https://motorwatt.com/ev-marketplace/electric-cars/ev/china/bmw-ix3-313
VOLKSWAGEN ID.4 CROZZ PRO Specification,"Jibek-Joli street, 76, Almaty 050000, Kazakhstan",,VOLKSWAGEN,2021,550,43 000,,160,84.8,204,https://motorwatt.com/ev-marketplace/electric-cars/ev/kazakhstan/volkswagen-id-4-crozz-pro
Tesla Model 3 Startech + Vossen Specification,"Jibek-Joli street, 76, Almaty 050000, Kazakhstan",,TESLA,2021,438,,,225,50,201,https://motorwatt.com/ev-marketplace/electric-cars/ev/kazakhstan/tesla-model-3-startech-vossen
Tesla Model 3 standart Specification,"Jibek-Joli street, 76, Almaty 050000, Kazakhstan",,TESLA,2021,438,58 000,,225,50,201,https://motorwatt.com/ev-marketplace/electric-cars/ev/kazakhstan/tesla-model-3-standart
Tesla Model 3 Performance Specification,"Jibek-Joli street, 76, Almaty 050000, Kazakhstan",,TESLA,2021,500,75 000,,250,75,258,https://motorwatt.com/ev-marketplace/electric-cars/ev/kazakhstan/tesla-model-3-performance
VOLKSWAGEN ID.4 X PURE + Specification,"Almaty 050000, Kazakhstan",,VOLKSWAGEN,2021,400,40 000,,160,62.0,200,https://motorwatt.com/ev-marketplace/electric-cars/ev/kazakhstan/volkswagen-id-4-x-pure-308
VOLKSWAGEN ID.4 X PURE+ Specification,"Almaty 050000, Kazakhstan",,VOLKSWAGEN,2021,400,40 000,,160,62,200,https://motorwatt.com/ev-marketplace/electric-cars/ev/kazakhstan/volkswagen-id-4-x-pure-307
VOLKSWAGEN ID.4 X PURE + Specification,"улица Жибек Жолы 76, Almaty 050000, Kazakhstan",,VOLKSWAGEN,2021,400,40 000,,160,62.0,200,https://motorwatt.com/ev-marketplace/electric-cars/ev/kazakhstan/volkswagen-id-4-x-pure-306
Mercedes-Benz EQC350 Specification,"Jibek-Joli street, 76, Almaty 050000, Kazakhstan",,MERCEDES,2021,361,90 000,,180,210,286,https://motorwatt.com/ev-marketplace/electric-cars/ev/kazakhstan/mercedes-benz-eqc350
Tesla Model Y Peformance Specification,Shanghai,,TESLA,2022,610,63 500,,260,78.4,486,https://motorwatt.com/ev-marketplace/electric-cars/ev/china/tesla-model-y-peformance
FAW ID4 crozz Specification,,,VOLKSWAGEN,2022,460km,26 888,,160km/h,132,170hp,https://motorwatt.com/ev-marketplace/electric-cars/ev/russia/faw-id4-crozz
FAW ID.6 crozz Specification,,,VOLKSWAGEN,2022,460km,33 341,,160km/h,132,180,https://motorwatt.com/ev-marketplace/electric-cars/ev/china/faw-id-6-crozz
BMW IX3 Specification,Hunan; China,,BMW,2022,458,56 000,,180,80,286,https://motorwatt.com/ev-marketplace/electric-cars/ev/china/bmw-ix3-313
VOLKSWAGEN ID.4 CROZZ PRO Specification,"Jibek-Joli street, 76, Almaty 050000, Kazakhstan",,VOLKSWAGEN,2021,550,43 000,,160,84.8,204,https://motorwatt.com/ev-marketplace/electric-cars/ev/kazakhstan/volkswagen-id-4-crozz-pro
Tesla Model 3 Startech + Vossen Specification,"Jibek-Joli street, 76, Almaty 050000, Kazakhstan",,TESLA,2021,438,,,225,50,201,https://motorwatt.com/ev-marketplace/electric-cars/ev/kazakhstan/tesla-model-3-startech-vossen
Tesla Model 3 standart Specification,"Jibek-Joli street, 76, Almaty 050000, Kazakhstan",,TESLA,2021,438,58 000,,225,50,201,https://motorwatt.com/ev-marketplace/electric-cars/ev/kazakhstan/tesla-model-3-standart
Tesla Model 3 Performance Specification,"Jibek-Joli street, 76, Almaty 050000, Kazakhstan",,TESLA,2021,500,75 000,,250,75,258,https://motorwatt.com/ev-marketplace/electric-cars/ev/kazakhstan/tesla-model-3-performance
VOLKSWAGEN ID.4 X PURE + Specification,"Almaty 050000, Kazakhstan",,VOLKSWAGEN,2021,400,40 000,,160,62.0,200,https://motorwatt.com/ev-marketplace/electric-cars/ev/kazakhstan/volkswagen-id-4-x-pure-308
VOLKSWAGEN ID.4 X PURE+ Specification,"Almaty 050000, Kazakhstan",,VOLKSWAGEN,2021,400,40 000,,160,62,200,https://motorwatt.com/ev-marketplace/electric-cars/ev/kazakhstan/volkswagen-id-4-x-pure-307
VOLKSWAGEN ID.4 X PURE + Specification,"улица Жибек Жолы 76, Almaty 050000, Kazakhstan",,VOLKSWAGEN,2021,400,40 000,,160,62.0,200,https://motorwatt.com/ev-marketplace/electric-cars/ev/kazakhstan/volkswagen-id-4-x-pure-306
Mercedes-Benz EQC350 Specification,"Jibek-Joli street, 76, Almaty 050000, Kazakhstan",,MERCEDES,2021,361,90 000,,180,210,286,https://motorwatt.com/ev-marketplace/electric-cars/ev/kazakhstan/mercedes-benz-eqc350
Tesla Model Y Peformance Specification,Shanghai,,TESLA,2022,610,63 500,,260,78.4,486,https://motorwatt.com/ev-marketplace/electric-cars/ev/china/tesla-model-y-peformance
FAW ID4 crozz Specification,,,VOLKSWAGEN,2022,460km,26 888,,160km/h,132,170hp,https://motorwatt.com/ev-marketplace/electric-cars/ev/russia/faw-id4-crozz
FAW ID.6 crozz Specification,,,VOLKSWAGEN,2022,460km,33 341,,160km/h,132,180,https://motorwatt.com/ev-marketplace/electric-cars/ev/china/faw-id-6-crozz
BYD TANG EV 2wd Specification,Shanghai,,BYD Auto,2022,730,By request,,180,108,228,https://motorwatt.com/ev-marketplace/electric-cars/ev/china/byd-tang-ev-2wd
FAW Besturn B30EV Specification,Shanghai,,other,2022,205,12 300,,140,32,108,https://motorwatt.com/ev-marketplace/electric-cars/ev/china/faw-besturn-b30ev
LIFAN LF650 Specification,Shanghai,,LIFAN,2018,300,7 300,,140,,43,https://motorwatt.com/ev-marketplace/electric-cars/ev/china/lifan-lf650
Huawei Seres3 Specification,"г. Москва, ул.Кировоградская 11 Б",,iEV Motors,2022,405,55 000,,155,53,163,https://motorwatt.com/ev-marketplace/electric-cars/ev/russia/huawei-seres3
POLESTAR 2 Specification,"Gaoxin road 31,XiAn high-tech zone,XiAn,China",,POLESTAR,2022,568,33 750,,160,78,231,https://motorwatt.com/ev-marketplace/electric-cars/ev/china/polestar-2
JAC IEV-7S - crossover Specification,"Москва, Россия",,JAC MOTORS,2021,350,52 000,,130,43,116,https://motorwatt.com/ev-marketplace/electric-cars/ev/russia/jac-iev-7s
Ford Territory EV Specification,"Витебская область г.Орша, ул. П.Лепешинского, д.67/7",,FORD,2021,450,by request,,150,"60,4",120,https://motorwatt.com/ev-marketplace/electric-cars/ev/belarus/ford-territory-ev
Hyundai Kona Specification,"г. Орша, ул. П. Лепешинского, 67",,HYUNDAI,2019,460,by request,,,64,150,https://motorwatt.com/ev-marketplace/electric-cars/ev/belarus/hyundai-kona
Honqgi E-HS 9 Specification,"г. Орша, ул. П. Лепешинского, 67",,HongQi,2021,510,by request,,200,80,436,https://motorwatt.com/ev-marketplace/electric-cars/ev/belarus/honqgi-e-hs-9
Volkswagen e-Lavida Specification,"г.Орша,ул. П.Лепешинского, 67",,VOLKSWAGEN,2020,350,22 700,,180,41,100,https://motorwatt.com/ev-marketplace/electric-cars/ev/belarus/volkswagen-e-lavida
Xpeng G3 520i Specification,"Витебская область, г.Орша, ул. Лепешинского, 67",,XPENG,2019,400,23 000,,170,66,197,https://motorwatt.com/ev-marketplace/electric-cars/ev/belarus/xpeng-g3-520i
Chery Tiggo Specification,"г. Орша, ул.Лепешинского, 67",,CHERY,2019,400,20 800,,151,"53,6",95,https://motorwatt.com/ev-marketplace/electric-cars/ev/belarus/chery-tiggo
Volkswagen Lavida Specification,"г.Орша, ул.Лепешинского, 67",,,,,22 700,,,,,https://motorwatt.com/ev-marketplace/electric-cars/ev/belarus/volkswagen-lavida
Renault City K-ZE Specification,"г.Орша, ул. Лепешинского, 67",,RENAULT,2019,200,15 505,,105,33,33 - 45 л.с.,https://motorwatt.com/ev-marketplace/electric-cars/ev/belarus/renault-city-k-ze
Ora R1 EV Long Range Base Specification,"г. Москва, ул.Кировоградская 11 Б",,GWM ORA UK,2022,310,42 000,,120,33,48,https://motorwatt.com/ev-marketplace/electric-cars/ev/russia/ora-r1-ev-long-range-base
BAIC EX5 - crossover Specification,"г. Москва, ул. Зацепа 21",,BAIC BJEV,2022,520,45 000,,155,"61,8",218,https://motorwatt.com/ev-marketplace/electric-cars/ev/russia/baic-ex5-krossover
HongQi E-HS9 6 Specification,"г. Москва, ул. Зацепа 21",,HongQi,2022,510,170 000,,200,,436,https://motorwatt.com/ev-marketplace/electric-cars/ev/russia/elektromobil-hongqi-e-hs9-6
HongQi E-HS9 4 Specification,"г. Москва, ул. Зацепа 21",,HongQi,2022,510,187 000,,200,,436,https://motorwatt.com/ev-marketplace/electric-cars/ev/russia/elektromobil-hongqi-e-hs9-4
Tesla Model X 2016 Specification,"г. Москва, ул. Зацепа 21",,TESLA,2016,489,92 000,,220,90,762,https://motorwatt.com/ev-marketplace/electric-cars/ev/russia/elektromobil-tesla-model-x-2016
Tesla Model 3 Performance 2019 Specification,"г. Москва, ул. Зацепа 21",,TESLA,2022,567,80 000,,261,,462,https://motorwatt.com/ev-marketplace/electric-cars/ev/russia/tesla-model-3-performance-2019
Tesla Model 3 Performance 2021 Specification,"г. Москва, ул. Зацепа 21",,TESLA,2021,567,115 000,,261,82,462,https://motorwatt.com/ev-marketplace/electric-cars/ev/russia/tesla-model-3-performance-2021
Tesla Model S 75D facelift Specification,"г. Москва, ул. Зацепа 21",,TESLA,2016,480,66 750,,225,75,541,https://motorwatt.com/ev-marketplace/electric-cars/ev/russia/tesla-model-s-75d-restajling
Tesla Model S 100D Long Range Specification,"г. Москва, ул. Зацепа 21",,TESLA,2019,610,119 000,,225,100,562,https://motorwatt.com/ev-marketplace/electric-cars/ev/russia/tesla-model-s-100d-long-range
Taycan Turbo S Cross Turismo Specification,"г. Москва, ул. Зацепа 21",,PORSCHE,2022,452,317 000,,250,93.4,670,https://motorwatt.com/ev-marketplace/electric-cars/ev/russia/taycan-turbo-s-cross-turismo
Volkswagen Lavida Specification,"г.Орша, ул.Лепешинского, 67",,,,,22 700,,,,,https://motorwatt.com/ev-marketplace/electric-cars/ev/belarus/volkswagen-lavida
Renault City K-ZE Specification,"г.Орша, ул. Лепешинского, 67",,RENAULT,2019,200,15 505,,105,33,33 - 45 л.с.,https://motorwatt.com/ev-marketplace/electric-cars/ev/belarus/renault-city-k-ze
Ora R1 EV Long Range Base Specification,"г. Москва, ул.Кировоградская 11 Б",,GWM ORA UK,2022,310,42 000,,120,33,48,https://motorwatt.com/ev-marketplace/electric-cars/ev/russia/ora-r1-ev-long-range-base
BAIC EX5 - crossover Specification,"г. Москва, ул. Зацепа 21",,BAIC BJEV,2022,520,45 000,,155,"61,8",218,https://motorwatt.com/ev-marketplace/electric-cars/ev/russia/baic-ex5-krossover
HongQi E-HS9 6 Specification,"г. Москва, ул. Зацепа 21",,HongQi,2022,510,170 000,,200,,436,https://motorwatt.com/ev-marketplace/electric-cars/ev/russia/elektromobil-hongqi-e-hs9-6
HongQi E-HS9 4 Specification,"г. Москва, ул. Зацепа 21",,HongQi,2022,510,187 000,,200,,436,https://motorwatt.com/ev-marketplace/electric-cars/ev/russia/elektromobil-hongqi-e-hs9-4
Tesla Model X 2016 Specification,"г. Москва, ул. Зацепа 21",,TESLA,2016,489,92 000,,220,90,762,https://motorwatt.com/ev-marketplace/electric-cars/ev/russia/elektromobil-tesla-model-x-2016
Tesla Model 3 Performance 2019 Specification,"г. Москва, ул. Зацепа 21",,TESLA,2022,567,80 000,,261,,462,https://motorwatt.com/ev-marketplace/electric-cars/ev/russia/tesla-model-3-performance-2019
Tesla Model 3 Performance 2021 Specification,"г. Москва, ул. Зацепа 21",,TESLA,2021,567,115 000,,261,82,462,https://motorwatt.com/ev-marketplace/electric-cars/ev/russia/tesla-model-3-performance-2021
Tesla Model S 75D facelift Specification,"г. Москва, ул. Зацепа 21",,TESLA,2016,480,66 750,,225,75,541,https://motorwatt.com/ev-marketplace/electric-cars/ev/russia/tesla-model-s-75d-restajling
Tesla Model S 100D Long Range Specification,"г. Москва, ул. Зацепа 21",,TESLA,2019,610,119 000,,225,100,562,https://motorwatt.com/ev-marketplace/electric-cars/ev/russia/tesla-model-s-100d-long-range
Taycan Turbo S Cross Turismo Specification,"г. Москва, ул. Зацепа 21",,PORSCHE,2022,452,317 000,,250,93.4,670,https://motorwatt.com/ev-marketplace/electric-cars/ev/russia/taycan-turbo-s-cross-turismo
WELTMEISTER EX5-Z FUN Specification,"г. Москва, ул.Кировоградская 11 Б",,VOLVO,2022,400,63 000,,150,54,218,https://motorwatt.com/ev-marketplace/electric-cars/ev/russia/weltmeister-ex5-z-fun
Volkswagen ID.4X CROZZ Pure+ Specification,"г. Москва, ул.Кировоградская 11 Б",,VOLKSWAGEN,2022,550,72 000,,160,84,204,https://motorwatt.com/ev-marketplace/electric-cars/ev/russia/volkswagen-id-4x-crozz-pure
Honda Siming M-NV Specification,"г. Москва, ул.Кировоградская 11 Б",,HONDA,2021,410-480,57 900,,140,61,163,https://motorwatt.com/ev-marketplace/electric-cars/ev/russia/honda-siming-m-nv
Xpeng G3 520i Top Version Specification,"г. Москва, ул.Кировоградская 11 Б",,XPENG,2021,460- 520,70 130,,170,67,197,https://motorwatt.com/ev-marketplace/electric-cars/ev/russia/xpeng-g3-520i-top-version
BAIС EX5 Specification,"г. Москва, ул.Кировоградская 11 Б",,BAIC BJEV,2019,415,49 200,,150,62,208,https://motorwatt.com/ev-marketplace/electric-cars/ev/russia/baic-ex5
Polestar 2 Launch Edition Specification,"г. Москва, ул.Кировоградская 11 Б",,POLESTAR,2020,450,112 500,,205,71,408,https://motorwatt.com/ev-marketplace/electric-cars/ev/russia/polestar-2-launch-edition-259
GAC AION Y 70 Specification,"г. Москва, ул.Кировоградская 11 Б",,,2021,500,57 000,,150,64,184,https://motorwatt.com/ev-marketplace/electric-cars/ev/russia/gac-aion-y-70
Ora Good Cat LR Specification,"г. Москва, ул.Кировоградская 11 Б",,GWM ORA UK,2021,410-500,50 000,,150,59,150,https://motorwatt.com/ev-marketplace/electric-cars/ev/russia/ora-good-cat-lr
BAIC EU5 Plus Specification,"г. Москва, ул.Кировоградская 11 Б",,,2021,416-500,48 300,,155,60,150,https://motorwatt.com/ev-marketplace/electric-cars/ev/russia/baic-eu5-plus
BAIC EX3 Specification,"г. Москва, ул.Кировоградская 11 Б",,,2020,470,47 500,,150,63,200,https://motorwatt.com/ev-marketplace/electric-cars/ev/russia/baic-ex3
BAIC Beijing EU7 Specification,"г. Москва, ул.Кировоградская 11 Б",,,2020,451,48 300,,155,60,200,https://motorwatt.com/ev-marketplace/electric-cars/ev/russia/baic-beijing-eu7
DONGFENG S50 EV Specification,"г. Москва, ул.Кировоградская 11 Б",,DONGFENG,2022,410-500,45 850,,150,57,122,https://motorwatt.com/ev-marketplace/electric-cars/ev/russia/dongfeng-s50-ev
BAIC EX5 – crossover 2021 Specification,"Кировоградская улица 11.б, г. Москва, Россия",,,2021,415-520,45 000,,,,218,https://motorwatt.com/ev-marketplace/electric-cars/ev/russia/baic-ex5-2021
BAIC EU-5 R550 2021 Specification,"г. Москва, ул. Зацепа 21",,,2021,570,44 000,,,,100,https://motorwatt.com/ev-marketplace/electric-cars/ev/russia/baic-eu-5-r550-2021
Audi Q4 e-tron 2021 Specification,"г. Москва, ул. Зацепа 21",,,2021,500,by request,,,,302,https://motorwatt.com/ev-marketplace/electric-cars/ev/russia/audi-q4-e-tron-2021
Tesla Model S Plaid 2021 Specification,"г. Москва, ул. Зацепа 21",,TESLA,2021,628,180 000,,,,100,https://motorwatt.com/ev-marketplace/electric-cars/ev/russia/tesla-model-s-plaid-2021
Volkswagen Golf VII e-Golf new Specification,,,VOLKSWAGEN,2018,192,66 500,,,,115,https://motorwatt.com/ev-marketplace/electric-cars/ev/russia/volkswagen-golf-vii-e-golf-novyj
Audi E-tron S Sportback Specification,"г. Москва, ул. Зацепа 21",,,2021,364,105 000,,,,100,https://motorwatt.com/ev-marketplace/electric-cars/ev/russia/audi-e-tron-s-sportback
Nissan Leaf II SV 2018 (red) Specification,,,NISSAN,2018,270,30 800,,144,,170,https://motorwatt.com/ev-marketplace/electric-cars/ev/nissan-leaf-ii-sv-2018-red
Nissan Leaf II SV 2018 Specification,,,NISSAN,2018,270,32 000,,144,,170,https://motorwatt.com/ev-marketplace/electric-cars/ev/nissan-leaf-ii-sv-2018
BMW i3 2018 Specification,"г. Москва, ул. Зацепа 21",,BMW,2018,250,44 000,,150,,184,https://motorwatt.com/ev-marketplace/electric-cars/ev/elektromobil-bmw-i3-v-nalichii
BMW iX3 2020 Specification,"Москва, улица Зацепа, 21",,BMW,2020,460,71 000,,200,,282,https://motorwatt.com/ev-marketplace/electric-cars/ev/bmw-ix3-2020
Tesla Model X Plaid Specification,"г. Москва, ул. Зацепа 21",,TESLA,2021,547,180 000,,,,100,https://motorwatt.com/ev-marketplace/electric-cars/ev/tesla-model-x-plaid
"BMW i3, 2018 (blue) Specification",,,BMW,2018,250,40 000,,150,,100,https://motorwatt.com/ev-marketplace/electric-cars/ev/bmw-i3-2018
BAIC EX5 – crossover 2021 Specification,"Кировоградская улица 11.б, г. Москва, Россия",,,2021,415-520,45 000,,,,218,https://motorwatt.com/ev-marketplace/electric-cars/ev/russia/baic-ex5-2021
BAIC EU-5 R550 2021 Specification,"г. Москва, ул. Зацепа 21",,,2021,570,44 000,,,,100,https://motorwatt.com/ev-marketplace/electric-cars/ev/russia/baic-eu-5-r550-2021
Audi Q4 e-tron 2021 Specification,"г. Москва, ул. Зацепа 21",,,2021,500,by request,,,,302,https://motorwatt.com/ev-marketplace/electric-cars/ev/russia/audi-q4-e-tron-2021
Tesla Model S Plaid 2021 Specification,"г. Москва, ул. Зацепа 21",,TESLA,2021,628,180 000,,,,100,https://motorwatt.com/ev-marketplace/electric-cars/ev/russia/tesla-model-s-plaid-2021
Volkswagen Golf VII e-Golf new Specification,,,VOLKSWAGEN,2018,192,66 500,,,,115,https://motorwatt.com/ev-marketplace/electric-cars/ev/russia/volkswagen-golf-vii-e-golf-novyj
Audi E-tron S Sportback Specification,"г. Москва, ул. Зацепа 21",,,2021,364,105 000,,,,100,https://motorwatt.com/ev-marketplace/electric-cars/ev/russia/audi-e-tron-s-sportback
Nissan Leaf II SV 2018 (red) Specification,,,NISSAN,2018,270,30 800,,144,,170,https://motorwatt.com/ev-marketplace/electric-cars/ev/nissan-leaf-ii-sv-2018-red
Nissan Leaf II SV 2018 Specification,,,NISSAN,2018,270,32 000,,144,,170,https://motorwatt.com/ev-marketplace/electric-cars/ev/nissan-leaf-ii-sv-2018
BMW i3 2018 Specification,"г. Москва, ул. Зацепа 21",,BMW,2018,250,44 000,,150,,184,https://motorwatt.com/ev-marketplace/electric-cars/ev/elektromobil-bmw-i3-v-nalichii
BMW iX3 2020 Specification,"Москва, улица Зацепа, 21",,BMW,2020,460,71 000,,200,,282,https://motorwatt.com/ev-marketplace/electric-cars/ev/bmw-ix3-2020
Tesla Model X Plaid Specification,"г. Москва, ул. Зацепа 21",,TESLA,2021,547,180 000,,,,100,https://motorwatt.com/ev-marketplace/electric-cars/ev/tesla-model-x-plaid
"BMW i3, 2018 (blue) Specification",,,BMW,2018,250,40 000,,150,,100,https://motorwatt.com/ev-marketplace/electric-cars/ev/bmw-i3-2018
TESLA MODEL Y LONG RANGE Specification,"м. Краснопресненская, Большой Предтеченский пер., д. 6",,TESLA,2021,483,100 000,,209,,271,https://motorwatt.com/ev-marketplace/electric-cars/ev/tesla-model-y-long-range-2021
Mercedes Benz EQC 400 Specification,Dallas,,MERCEDES,2020,400,110 000,,180,,408,https://motorwatt.com/ev-marketplace/electric-cars/ev/mercedes-benz-eqc-400-231
